-- -------------------------------------------------------------
-- TablePlus 2.10.2(272)
--
-- https://tableplus.com/
--
-- Database: fix-database-ypi
-- Generation Time: 2019-12-23 23:45:53.4230
-- -------------------------------------------------------------


/*!40101 SET @OLD_CHARACTER_SET_CLIENT=@@CHARACTER_SET_CLIENT */;
/*!40101 SET @OLD_CHARACTER_SET_RESULTS=@@CHARACTER_SET_RESULTS */;
/*!40101 SET @OLD_COLLATION_CONNECTION=@@COLLATION_CONNECTION */;
/*!40101 SET NAMES utf8mb4 */;
/*!40103 SET @OLD_TIME_ZONE=@@TIME_ZONE */;
/*!40103 SET TIME_ZONE='+00:00' */;
/*!40014 SET @OLD_UNIQUE_CHECKS=@@UNIQUE_CHECKS, UNIQUE_CHECKS=0 */;
/*!40014 SET @OLD_FOREIGN_KEY_CHECKS=@@FOREIGN_KEY_CHECKS, FOREIGN_KEY_CHECKS=0 */;
/*!40101 SET @OLD_SQL_MODE=@@SQL_MODE, SQL_MODE='NO_AUTO_VALUE_ON_ZERO' */;
/*!40111 SET @OLD_SQL_NOTES=@@SQL_NOTES, SQL_NOTES=0 */;


CREATE TABLE `berita` (
  `id` int(11) NOT NULL AUTO_INCREMENT,
  `photo_url` text CHARACTER SET utf8mb4 COLLATE utf8mb4_unicode_ci,
  `video_url` text CHARACTER SET utf8mb4 COLLATE utf8mb4_unicode_ci,
  `judul` varchar(150) CHARACTER SET utf8mb4 COLLATE utf8mb4_0900_ai_ci DEFAULT NULL,
  `ringkasan` text CHARACTER SET utf8mb4 COLLATE utf8mb4_unicode_ci,
  `konten` text CHARACTER SET utf8mb4 COLLATE utf8mb4_0900_ai_ci,
  `waktu_terbit` datetime DEFAULT NULL,
  `waktu_berakhir` datetime DEFAULT NULL,
  `id_kategori` int(11) DEFAULT NULL,
  `status` varchar(10) COLLATE utf8mb4_unicode_ci DEFAULT 'ACTIVE',
  `create_user` varchar(300) CHARACTER SET utf8mb4 COLLATE utf8mb4_unicode_ci DEFAULT NULL,
  `create_date` timestamp NULL DEFAULT CURRENT_TIMESTAMP,
  `edit_user` varchar(300) CHARACTER SET utf8mb4 COLLATE utf8mb4_unicode_ci DEFAULT NULL,
  `edit_date` timestamp NULL DEFAULT CURRENT_TIMESTAMP ON UPDATE CURRENT_TIMESTAMP,
  `is_deleted` int(1) DEFAULT '0',
  PRIMARY KEY (`id`),
  KEY `fk_berita_beritakategori` (`id_kategori`),
  FULLTEXT KEY `index_berita` (`judul`,`konten`),
  CONSTRAINT `fk_berita_beritakategori` FOREIGN KEY (`id_kategori`) REFERENCES `berita_kategori` (`id`) ON UPDATE CASCADE
) ENGINE=InnoDB AUTO_INCREMENT=16 DEFAULT CHARSET=utf8mb4 COLLATE=utf8mb4_unicode_ci ROW_FORMAT=DYNAMIC;

CREATE TABLE `berita_kategori` (
  `id` int(11) NOT NULL AUTO_INCREMENT,
  `nama` varchar(100) CHARACTER SET utf8mb4 COLLATE utf8mb4_unicode_ci DEFAULT NULL,
  `status` varchar(10) COLLATE utf8mb4_unicode_ci DEFAULT 'ACTIVE',
  `create_user` varchar(300) CHARACTER SET utf8mb4 COLLATE utf8mb4_unicode_ci DEFAULT NULL,
  `create_date` timestamp NULL DEFAULT CURRENT_TIMESTAMP,
  `edit_user` varchar(300) CHARACTER SET utf8mb4 COLLATE utf8mb4_unicode_ci DEFAULT NULL,
  `edit_date` timestamp NULL DEFAULT CURRENT_TIMESTAMP ON UPDATE CURRENT_TIMESTAMP,
  PRIMARY KEY (`id`)
) ENGINE=InnoDB AUTO_INCREMENT=4 DEFAULT CHARSET=utf8mb4 COLLATE=utf8mb4_unicode_ci ROW_FORMAT=DYNAMIC;

CREATE TABLE `berita_komentar` (
  `id` int(11) NOT NULL AUTO_INCREMENT,
  `id_user` int(11) DEFAULT NULL,
  `id_berita` int(11) DEFAULT NULL,
  `komentar` varchar(300) CHARACTER SET utf8mb4 COLLATE utf8mb4_unicode_ci DEFAULT NULL,
  `create_date` timestamp NULL DEFAULT CURRENT_TIMESTAMP,
  `parent` int(11) DEFAULT NULL COMMENT 'untuk reply komen',
  `status` varchar(10) CHARACTER SET utf8mb4 COLLATE utf8mb4_unicode_ci DEFAULT 'ACTIVE',
  PRIMARY KEY (`id`),
  KEY `fk_komentar_user_idx` (`id_user`),
  KEY `fk_komentar_berita_idx` (`id_berita`),
  CONSTRAINT `fk_komentar_berita` FOREIGN KEY (`id_berita`) REFERENCES `berita` (`id`) ON DELETE CASCADE ON UPDATE CASCADE,
  CONSTRAINT `fk_komentar_user` FOREIGN KEY (`id_user`) REFERENCES `user` (`user_id`) ON DELETE CASCADE ON UPDATE CASCADE
) ENGINE=InnoDB AUTO_INCREMENT=447 DEFAULT CHARSET=utf8mb4 COLLATE=utf8mb4_unicode_ci ROW_FORMAT=DYNAMIC;

CREATE TABLE `berita_like` (
  `id_user` int(11) NOT NULL,
  `id_berita` int(11) NOT NULL,
  `create_date` timestamp NULL DEFAULT CURRENT_TIMESTAMP,
  PRIMARY KEY (`id_user`,`id_berita`),
  KEY `fk_beritalike_berita_idx` (`id_berita`),
  CONSTRAINT `fk_beritalike_berita` FOREIGN KEY (`id_berita`) REFERENCES `berita` (`id`) ON DELETE CASCADE ON UPDATE CASCADE,
  CONSTRAINT `fk_beritalike_user` FOREIGN KEY (`id_user`) REFERENCES `user` (`user_id`) ON DELETE CASCADE ON UPDATE CASCADE
) ENGINE=InnoDB DEFAULT CHARSET=utf8mb4 COLLATE=utf8mb4_0900_ai_ci ROW_FORMAT=DYNAMIC;

CREATE TABLE `event` (
  `id` int(11) NOT NULL AUTO_INCREMENT,
  `photo_url` text CHARACTER SET utf8mb4 COLLATE utf8mb4_unicode_ci,
  `video_url` text CHARACTER SET utf8mb4 COLLATE utf8mb4_unicode_ci,
  `judul` varchar(150) CHARACTER SET utf8mb4 COLLATE utf8mb4_unicode_ci DEFAULT NULL,
  `konten` text CHARACTER SET utf8mb4 COLLATE utf8mb4_unicode_ci,
  `event_mulai` datetime DEFAULT NULL,
  `event_selesai` datetime DEFAULT NULL,
  `waktu_terbit` datetime DEFAULT NULL,
  `waktu_berakhir` datetime DEFAULT NULL,
  `id_kategori` int(11) DEFAULT NULL,
  `status` varchar(10) COLLATE utf8mb4_unicode_ci DEFAULT 'ACTIVE',
  `create_user` varchar(300) CHARACTER SET utf8mb4 COLLATE utf8mb4_unicode_ci DEFAULT NULL,
  `create_date` timestamp NULL DEFAULT CURRENT_TIMESTAMP,
  `edit_user` varchar(300) CHARACTER SET utf8mb4 COLLATE utf8mb4_unicode_ci DEFAULT NULL,
  `edit_date` timestamp NULL DEFAULT CURRENT_TIMESTAMP ON UPDATE CURRENT_TIMESTAMP,
  `is_deleted` int(1) DEFAULT '0',
  PRIMARY KEY (`id`),
  KEY `fk_event_kategori_idx` (`id_kategori`),
  CONSTRAINT `fk_event_kategori` FOREIGN KEY (`id_kategori`) REFERENCES `event_kategori` (`id`)
) ENGINE=InnoDB AUTO_INCREMENT=7 DEFAULT CHARSET=utf8mb4 COLLATE=utf8mb4_unicode_ci ROW_FORMAT=DYNAMIC;

CREATE TABLE `event_kategori` (
  `id` int(11) NOT NULL AUTO_INCREMENT,
  `nama` varchar(100) CHARACTER SET utf8mb4 COLLATE utf8mb4_unicode_ci DEFAULT NULL,
  `status` varchar(10) CHARACTER SET utf8mb4 COLLATE utf8mb4_unicode_ci DEFAULT NULL,
  `create_user` varchar(300) CHARACTER SET utf8mb4 COLLATE utf8mb4_unicode_ci DEFAULT NULL,
  `create_date` timestamp NULL DEFAULT CURRENT_TIMESTAMP,
  `edit_user` varchar(300) CHARACTER SET utf8mb4 COLLATE utf8mb4_unicode_ci DEFAULT NULL,
  `edit_date` timestamp NULL DEFAULT CURRENT_TIMESTAMP ON UPDATE CURRENT_TIMESTAMP,
  PRIMARY KEY (`id`)
) ENGINE=InnoDB AUTO_INCREMENT=3 DEFAULT CHARSET=utf8mb4 COLLATE=utf8mb4_unicode_ci ROW_FORMAT=DYNAMIC;

CREATE TABLE `event_komentar` (
  `id` int(11) NOT NULL AUTO_INCREMENT,
  `id_user` int(11) DEFAULT NULL,
  `id_event` int(11) DEFAULT NULL,
  `komentar` varchar(250) CHARACTER SET utf8mb4 COLLATE utf8mb4_unicode_ci DEFAULT NULL,
  `create_date` timestamp NULL DEFAULT CURRENT_TIMESTAMP,
  `parent` int(11) DEFAULT NULL COMMENT 'untuk reply komen',
  `status` varchar(10) CHARACTER SET utf8mb4 COLLATE utf8mb4_unicode_ci DEFAULT 'ACTIVE',
  PRIMARY KEY (`id`),
  KEY `fk_komentar_user_idx` (`id_user`),
  KEY `fk_komentar_event_idx` (`id_event`),
  CONSTRAINT `fk_eventkomentar_event` FOREIGN KEY (`id_event`) REFERENCES `event` (`id`) ON DELETE CASCADE ON UPDATE CASCADE,
  CONSTRAINT `fk_eventkomentar_user` FOREIGN KEY (`id_user`) REFERENCES `user` (`user_id`) ON DELETE CASCADE ON UPDATE CASCADE
) ENGINE=InnoDB AUTO_INCREMENT=8 DEFAULT CHARSET=utf8mb4 COLLATE=utf8mb4_unicode_ci ROW_FORMAT=DYNAMIC;

CREATE TABLE `event_like` (
  `id_user` int(11) NOT NULL,
  `id_event` int(11) NOT NULL,
  `create_date` timestamp NULL DEFAULT CURRENT_TIMESTAMP,
  PRIMARY KEY (`id_user`,`id_event`),
  KEY `fk_eventlike_event_idx` (`id_event`),
  CONSTRAINT `fk_eventlike_event` FOREIGN KEY (`id_event`) REFERENCES `event` (`id`) ON DELETE CASCADE ON UPDATE CASCADE,
  CONSTRAINT `fk_eventlike_user` FOREIGN KEY (`id_user`) REFERENCES `user` (`user_id`) ON DELETE CASCADE ON UPDATE CASCADE
) ENGINE=InnoDB DEFAULT CHARSET=utf8mb4 COLLATE=utf8mb4_0900_ai_ci ROW_FORMAT=DYNAMIC;

CREATE TABLE `user` (
  `user_id` int(11) NOT NULL AUTO_INCREMENT,
  `name` varchar(100) CHARACTER SET utf8mb4 COLLATE utf8mb4_unicode_ci DEFAULT NULL,
  `password` varchar(500) CHARACTER SET utf8mb4 COLLATE utf8mb4_bin DEFAULT NULL,
  `email` varchar(190) CHARACTER SET utf8mb4 COLLATE utf8mb4_unicode_ci DEFAULT NULL,
  `mobile_phone` varchar(20) CHARACTER SET utf8mb4 COLLATE utf8mb4_unicode_ci DEFAULT NULL COMMENT 'ACTIVE/INACTIVE/REGISTER',
  `photo_url` text CHARACTER SET utf8mb4 COLLATE utf8mb4_unicode_ci,
  `device_id` varchar(50) CHARACTER SET utf8mb4 COLLATE utf8mb4_unicode_ci DEFAULT NULL,
  `latitude` double DEFAULT NULL,
  `longitude` double DEFAULT NULL,
  `status` varchar(10) COLLATE utf8mb4_unicode_ci DEFAULT 'INACTIVE',
  `last_login` datetime DEFAULT NULL,
  `token` text CHARACTER SET utf8mb4 COLLATE utf8mb4_unicode_ci,
  `token_expired` datetime DEFAULT NULL,
  `token_request` datetime DEFAULT NULL,
  `token_firebase` text CHARACTER SET utf8mb4 COLLATE utf8mb4_unicode_ci,
  `device_os` varchar(100) CHARACTER SET utf8mb4 COLLATE utf8mb4_unicode_ci DEFAULT NULL,
  `token_email` text CHARACTER SET utf8mb4 COLLATE utf8mb4_unicode_ci,
  `verify_email` tinyint(4) DEFAULT NULL,
  `create_user` varchar(300) CHARACTER SET utf8mb4 COLLATE utf8mb4_unicode_ci DEFAULT NULL,
  `create_date` timestamp NULL DEFAULT CURRENT_TIMESTAMP,
  `edit_user` varchar(300) CHARACTER SET utf8mb4 COLLATE utf8mb4_unicode_ci DEFAULT NULL,
  `edit_date` timestamp NULL DEFAULT CURRENT_TIMESTAMP ON UPDATE CURRENT_TIMESTAMP,
  `pwd` varchar(30) CHARACTER SET utf8mb4 COLLATE utf8mb4_unicode_ci DEFAULT NULL,
  `not_valid` int(11) DEFAULT '0',
  `description` text CHARACTER SET utf8mb4 COLLATE utf8mb4_unicode_ci,
  `lp` varchar(500) CHARACTER SET utf8mb4 COLLATE utf8mb4_unicode_ci DEFAULT NULL,
  PRIMARY KEY (`user_id`),
  UNIQUE KEY `mobile_phone_UNIQUE` (`mobile_phone`)
) ENGINE=InnoDB DEFAULT CHARSET=utf8mb4 COLLATE=utf8mb4_unicode_ci ROW_FORMAT=DYNAMIC;

INSERT INTO `berita` (`id`, `photo_url`, `video_url`, `judul`, `ringkasan`, `konten`, `waktu_terbit`, `waktu_berakhir`, `id_kategori`, `status`, `create_user`, `create_date`, `edit_user`, `edit_date`, `is_deleted`) VALUES ('1', 'https://alazhar-asset.oss-ap-southeast-5.aliyuncs.com/berita/saebx.jpg', 'https://www.youtube.com/watch?v=VrPUpwcb2qM', 'Salam Al Azhar Versi 3 hadir dengan Keunggulan Terbaru', '<p>Salam Al Azhar merupakan platform resmi yang dihadirkan oleh Yayasan Pesantren Islam Al Azhar untuk memudahkan aktivitas pendidikan anak Anda. Pastikan mendownload melalui penyedia resmi bertulisan \"Yayasan Pesantren Islam AL Azhar\".</p>\n<p>&nbsp;</p>', '<p>Salam Al Azhar merupakan platform resmi yang dihadirkan oleh Yayasan Pesantren Islam Al Azhar untuk memudahkan aktivitas pendidikan anak Anda. Pastikan mendownload melalui penyedia resmi bertulisan \"Yayasan Pesantren Islam AL Azhar\".</p>\n<p>Salam Al Azhar dirancang untuk memudahkan aktivits layanan yang terbaik untuk peserta didik.</p>\n<p><strong>Fitur Unggulan</strong></p>\n<p>1. Menyajikan informasi kegiatan sekolah dan komunikasi antara pengguna (Orang Tua Murid) dan penyedia layanan.</p>\n<p>2. Penerimaan murid baru setiap gelombang diproses secara real time dan dapat langsung tanpa manual dokumen.</p>\n<p>3.&nbsp;Mengubah data profil murid langsung di aplikasi mobile.</p>\n<p>4.&nbsp;Bayar Uang sekolah ke rekening YPI Al Azhar dengan aman melalui berbagai channel pembayaran online syariah.</p>\n<p>5.&nbsp;Dapatkan informasi kegiatan belajar mengajar seperti seperti jadwal belajar, kartu ujian, nilai, data kehadiran, dll.</p>\n<p>6.&nbsp;Salam Al Azhar dapat memberikan notifikasi/informasi melalui SMS, email dan mobile untuk semua informasi pembayaran dan informasi penting akademis lainnya.</p>', '2019-07-08 05:48:13', '2020-01-01 05:48:13', '1', 'ACTIVE', 'admin:1', '2019-07-08 20:10:40', 'admin:1', '2019-07-20 13:35:45', '0'),
('2', 'https://alazhar-asset.oss-ap-southeast-5.aliyuncs.com/berita/8exzj.jpg', 'https://www.youtube.com/watch?v=GtbmARrxJ7Y', 'Vocal Group SMA Islam Al Azhar 14 Semarang', '<p>alazhar.tv &ndash; Vocal Group SMA Islam Al Azhar 14 Semarang</p>', '<p>alazhar.tv &ndash; Vocal Group SMA Islam Al Azhar 14 Semarang</p>', '2019-07-08 06:39:21', '2020-01-01 06:39:21', '2', 'ACTIVE', 'admin:1', '2019-07-08 20:40:53', 'admin:1', '2019-07-08 20:51:24', '0'),
('3', 'https://alazhar-asset.oss-ap-southeast-5.aliyuncs.com/berita/mt05v.jpg', 'https://www.youtube.com/watch?v=44bR9abgy8c', 'Melly Goeslow Goes to School - SMA Islam Al Azhar 14 Semarang', '<p><span style=\"color: #0d0d0d; font-family: Roboto, Arial, sans-serif; white-space: pre-wrap;\">Rekap kemeriahan acara Melly Goeslaw Goes To School (MGTS) yang diadakan oleh SMP-SMA Islam Al Azhar 14 Semarang bersama Qupro Indonesia. Kegiatan tersebut dilaksanakan dalam rangka menggalang dana bagi Palestina yang disalurkan Sahabat Palestina Memanggil.</span></p>', '<p><span style=\"color: #0d0d0d; font-family: Roboto, Arial, sans-serif; white-space: pre-wrap;\">Rekap kemeriahan acara Melly Goeslaw Goes To School (MGTS) yang diadakan oleh SMP-SMA Islam Al Azhar 14 Semarang bersama Qupro Indonesia. Kegiatan tersebut dilaksanakan dalam rangka menggalang dana bagi Palestina yang disalurkan Sahabat Palestina Memanggil.</span></p>', '2019-07-08 06:46:31', '2020-01-01 06:46:31', '2', 'ACTIVE', 'admin:1', '2019-07-08 20:48:13', 'admin:1', '2019-07-08 20:51:32', '0'),
('4', 'https://alazhar-asset.oss-ap-southeast-5.aliyuncs.com/berita/vfokw.jpg', 'https://www.youtube.com/watch?v=lxRicNb9zOc', 'Jingle SMA Islam Al Azhar 14 Semarang - SMALZA14', '<p><span style=\"color: #0d0d0d; font-family: Roboto, Arial, sans-serif; white-space: pre-wrap;\">Jingle SMA Islam Al Azhar 14 Semarang</span></p>', '<p><span style=\"color: #0d0d0d; font-family: Roboto, Arial, sans-serif; white-space: pre-wrap;\">Jingle SMA Islam Al Azhar 14 Semarang Vokal : Salsabiela Amanda (Murid SMA Islam Al Azhar 14 Semarang) </span></p>\n<p><span style=\"color: #0d0d0d; font-family: Roboto, Arial, sans-serif; white-space: pre-wrap;\">Ciptaan : Bagus Indrawan (Guru SENI BUDAYA) </span></p>\n<p><span style=\"color: #0d0d0d; font-family: Roboto, Arial, sans-serif; white-space: pre-wrap;\">Editor Video : </span></p>\n<p><span style=\"color: #0d0d0d; font-family: Roboto, Arial, sans-serif; white-space: pre-wrap;\">1. Rifki Ananda (Pustakawan) </span></p>\n<p><span style=\"color: #0d0d0d; font-family: Roboto, Arial, sans-serif; white-space: pre-wrap;\">2. Agyztia Premana (IT) </span></p>\n<p><span style=\"color: #0d0d0d; font-family: Roboto, Arial, sans-serif; white-space: pre-wrap;\">Subscribe : </span><a class=\"yt-simple-endpoint style-scope yt-formatted-string\" style=\"text-decoration-line: none; display: inline-block; cursor: pointer; font-family: Roboto, Arial, sans-serif; white-space: pre-wrap;\" href=\"https://www.youtube.com/channel/UCQdVUJTcyECpyDJVzobnsgw\" rel=\"nofollow\">https://www.youtube.com/channel/UCQdV...</a></p>\n<p><span style=\"color: #0d0d0d; font-family: Roboto, Arial, sans-serif; white-space: pre-wrap;\">--------------------------------------------------------------------------- </span></p>\n<p><span style=\"color: #0d0d0d; font-family: Roboto, Arial, sans-serif; white-space: pre-wrap;\">Jangan lupa juga untuk ikutin Sosial Media Smalza14 </span></p>\n<p><span style=\"color: #0d0d0d; font-family: Roboto, Arial, sans-serif; white-space: pre-wrap;\">Facebook ► </span><a class=\"yt-simple-endpoint style-scope yt-formatted-string\" style=\"text-decoration-line: none; display: inline-block; cursor: pointer; font-family: Roboto, Arial, sans-serif; white-space: pre-wrap;\" href=\"https://www.youtube.com/redirect?redir_token=An7W8mrhQ9It2tD1Yp70vYhIkOx8MTU2MjYyOTk3OUAxNTYyNTQzNTc5&amp;event=video_description&amp;v=lxRicNb9zOc&amp;q=https%3A%2F%2Fwww.facebook.com%2Falazhar.bimatama.14\" target=\"_blank\" rel=\"nofollow noopener\">https://www.facebook.com/alazhar.bima...</a></p>\n<p><span style=\"color: #0d0d0d; font-family: Roboto, Arial, sans-serif; white-space: pre-wrap;\">Twitter ► </span><a class=\"yt-simple-endpoint style-scope yt-formatted-string\" style=\"text-decoration-line: none; display: inline-block; cursor: pointer; font-family: Roboto, Arial, sans-serif; white-space: pre-wrap;\" href=\"https://www.youtube.com/redirect?redir_token=An7W8mrhQ9It2tD1Yp70vYhIkOx8MTU2MjYyOTk3OUAxNTYyNTQzNTc5&amp;event=video_description&amp;v=lxRicNb9zOc&amp;q=https%3A%2F%2Ftwitter.com%2Fsmalza14\" target=\"_blank\" rel=\"nofollow noopener\">https://twitter.com/smalza14</a></p>\n<p><span style=\"color: #0d0d0d; font-family: Roboto, Arial, sans-serif; white-space: pre-wrap;\">Instragram ► </span><a class=\"yt-simple-endpoint style-scope yt-formatted-string\" style=\"text-decoration-line: none; display: inline-block; cursor: pointer; font-family: Roboto, Arial, sans-serif; white-space: pre-wrap;\" href=\"https://www.youtube.com/redirect?redir_token=An7W8mrhQ9It2tD1Yp70vYhIkOx8MTU2MjYyOTk3OUAxNTYyNTQzNTc5&amp;event=video_description&amp;v=lxRicNb9zOc&amp;q=https%3A%2F%2Fwww.instagram.com%2Fosis_albama%2F\" target=\"_blank\" rel=\"nofollow noopener\">https://www.instagram.com/osis_albama/</a></p>\n<p><span style=\"color: #0d0d0d; font-family: Roboto, Arial, sans-serif; white-space: pre-wrap;\">Website ► </span><a class=\"yt-simple-endpoint style-scope yt-formatted-string\" style=\"text-decoration-line: none; display: inline-block; cursor: pointer; font-family: Roboto, Arial, sans-serif; white-space: pre-wrap;\" href=\"https://www.youtube.com/redirect?redir_token=An7W8mrhQ9It2tD1Yp70vYhIkOx8MTU2MjYyOTk3OUAxNTYyNTQzNTc5&amp;event=video_description&amp;v=lxRicNb9zOc&amp;q=https%3A%2F%2Fsma-alazhar14.com\" target=\"_blank\" rel=\"nofollow noopener\">https://sma-alazhar14.com</a></p>', '2019-07-08 06:53:11', '2020-01-01 06:53:11', '2', 'ACTIVE', 'admin:1', '2019-07-08 20:53:57', 'admin:1', '2019-07-08 20:55:08', '0'),
('5', 'https://alazhar-asset.oss-ap-southeast-5.aliyuncs.com/berita/lg7me.jpg', '', 'Tersedia Panduan Penggunaan Aplikasi Salam Al-Azhar', '<p>Salam Al-Azhar merupakan aplikasi resmi untuk pembayaran beragam administrasi sekolah Al Azhar (TK, SD, SMP dan SMA) dibawah naungan Yayasan Pesantren Islam (YPI) Al Azhar.&nbsp;</p>', '<p>Salam Al-Azhar merupakan aplikasi resmi untuk pembayaran beragam administrasi sekolah Al Azhar (TK, SD, SMP dan SMA) dibawah naungan Yayasan Pesantren Islam (YPI) Al Azhar.&nbsp;</p>\n<p>Aplikasi Salam Al-Azhar ini bertujuan untuk memudahkan dan meningkatkan layanan sekolah Al Azhar kepada orang tua / wali murid. Fitur-fitur utama saat ini seperti Pendaftaran Murid Baru (PMB), pembayaran SPP, biodata murid dan lain sebagainya bisa dilakukan langsung melalui aplikasi Salam Al-Azhar.</p>\n<p>Bagi orang tua / wali murid yang ingin tahu lebih banyak cara penggunaan aplikasi Salam Al-Azhar bisa melihat panduan yang tersedia pada website resmi yaitu <strong>salam-alazhar.id</strong> pada menu <strong>panduan</strong>.</p>', '2019-07-26 04:48:41', '2019-08-31 04:48:41', '1', 'ACTIVE', 'admin:1', '2019-07-27 06:58:31', 'admin:1', '2019-07-27 07:10:47', '0'),
('6', 'https://alazhar-asset.oss-ap-southeast-5.aliyuncs.com/berita/v5rh2.jpg', '', 'Tata Cara Login', '<p>Bagaimana saya masuk ke aplikasi dan melakukan pembayaran?</p>\n<p>&nbsp;</p>', '<p>Assalamualaikum Wr. Wb</p>\n<p>Bagaimana saya masuk ke aplikasi dan melakukan pembayaran?</p>\n<p>1. Data Akun Nomor HP dan Password akan dikirimkan oleh Pihak Sekolah ke Orang Tua Murid</p>\n<p>2. Download dan Aplikasi Salam Al-Azhar di Play Store atau App Store</p>\n<p>3. Jalankan Aplikasi Salam Al-Azhar</p>\n<p>4. Pada halaman depan masuk ke menu akun. Tekan Tombol \"Login\"</p>\n<p>5. Masukkan Nomor HP (Tidak perlu menambahkan angka 0 didepan) contoh Jika Nomor HP Anda +62812345678. Pilih sesuai country code (Kode Negara) dan cukup masukkan 812345678 pada Input Box Mobile Number.</p>\n<p>6. Masukkan Password yang sudah diberikan. Password dapat berisikan tanda - (dibaca strip/dash) atau simbol apapun. isikan sesuai data yang diberikan pihak Sekolah.</p>\n<p>7. Jika sudah berhasil Login, anda akan melihat Nama Anda pada halaman depan dan dapat beraktifitas lainnya.</p>\n<p>&nbsp;</p>\n<p>Jika masih kesulitan bisa menghubungi kami di layanan Chatting atau via TU Sekolah</p>\n<p>&nbsp;</p>\n<p>Wassalamualaikum</p>', '2019-08-01 08:44:30', '2019-09-30 08:00:00', '1', 'ACTIVE', 'admin:1', '2019-08-02 10:52:11', 'admin:1', '2019-08-02 10:53:07', '0'),
('7', 'https://alazhar-asset.oss-ap-southeast-5.aliyuncs.com/berita/jbyom.jpg', '', 'Pengumuman Penting bagi Pengguna Salam Al-Azhar V3', '<p>Pengumuman Penting !!</p>', '<p>Assalamualaikum wr. wb.</p>\n<p>Berikut beberapa hal yang perlu diketahui:</p>\n<p>1. Bagi Orang Tua yang sudah membayar tagihan SPP bulan Agustus dan seterusnya pada Aplikasi Lama namun masih tertagih di Salam Al-Azhar terbaru, mohon diabaikan tagihan tersebut dan menyimpan bukti pembayaran sebelumnya. kami masih dalam proses perpindahan data dari database lama.</p>\n<p>2. Bagi yang mendapatkan akun nomor HP yang diberikan pihak sekolah tidak sesuai dengan nomor HP Anda, mohon untuk memberikan informasi ke pihak TU sekolah dengan menyampaikan nomor HP terbaru dan email beserta data murid.</p>\n<p>3. Silahkan langsung mengganti password, karena data murid dan informasi akun anda adalah RAHASIA.</p>\n<p>4. Orang tua murid (OTM) wajib mencantumkan email yang valid pada profil, agar bukti transfer setelah melakukan transaksi pembayaran dapat diterima melalui Email.</p>\n<p>5. Seluruh bukti pembayaran akan diterima OTM melalui SMS dan Email.</p>\n<p>Seputar Pertanyaan Salam Al-Azhar dapat dibaca melalui link ini&nbsp;<a rel=\"nofollow\" href=\"https://salam-alazhar.id/assets/download/faq.pdf\">https://salam-alazhar.id/assets/download/faq.pdf</a></p>\n<p>Terima kasih</p>\n<p>&nbsp;</p>\n<p>Admin</p>', '2019-08-01 08:58:04', '2019-10-30 08:00:00', '1', 'ACTIVE', 'admin:1', '2019-08-02 11:05:42', 'admin:1', '2019-08-02 11:16:13', '0'),
('8', 'https://alazhar-asset.oss-ap-southeast-5.aliyuncs.com/berita/cla2u.jpg', '', 'Cara Pembayaran Melalui mobile Banking BCA dan Internet Banking BCA', '<p>Pembayaran administrasi sekolah Salam Al-Azhar selain melalui ATM juga bisa melalui mobile banking dan internet banking. Berikut tata cara pembayaran melalui mobile banking BCA dan internet banking BCA</p>', '<p>Pembayaran administrasi sekolah Salam Al-Azhar selain melalui ATM juga bisa melalui mobile banking dan internet banking. Berikut tata cara pembayaran melalui mobile banking BCA dan internet banking BCA</p>\n<p><strong>Mobile Banking BCA</strong></p>\n<p>&nbsp;</p>\n<p>1. Buka aplikasi mobile banking BCA</p>\n<p>2. Pilih menu \"m-Transfer\"</p>\n<p>3. Di <strong>Daftar Transfer</strong> pilih <strong>Antar Bank</strong></p>\n<p>4. Masukkan nomor rekening tujuan sesuai dengan Virtual Account yang didapatkan</p>\n<p>5. Untuk Jenis Bank Tujuan pilih <strong>Bank Permata</strong>, jika sudah tekan <strong>Send</strong>. Masukkan PIN dan OK, maka nomor rekening berhasil terdaftar</p>\n<p>6. Kembali Ke Menu \"m-Transfer\"</p>\n<p>7. Di <strong>Transfer</strong> pilih <strong>Antar Bank</strong></p>\n<p>8. Pilih Bank Tujuan <strong>013 - Bank Permata</strong></p>\n<p>9. Pilih Rekening Tujuan yang sudah didaftarkan sebelumnya</p>\n<p>10. Masukkan Jumlah Uang sesuai dengan total nominal yang tampil di aplikasi</p>\n<p>11. Jika sudah tekan <strong>send</strong>.</p>\n<p>12. Akan muncul pesan konfirmasi, Pilih OK</p>\n<p>13. Masukkan PIN m-BCA dan pesan transfer berhasil</p>\n<p>&nbsp;</p>\n<p><strong>iBanking BCA</strong></p>\n<p>&nbsp;</p>\n<p>Menambahkan Nomor Rekening Permata Syariah</p>\n<p>- Masuk ke KlikBCA.</p>\n<p>- Masukkan user ID dan PIN i-banking BCA.</p>\n<p>- Pilih <strong>Transfer Dana</strong>.&nbsp;</p>\n<p>- Pilih <strong>Daftar Rekening Tujuan</strong>.</p>\n<p>- Pilih <strong>Rekening Bank Lain</strong>.</p>\n<p>- Isi data rekening tujuan seperti nama bank, nomor rekening, kota, kategori penerima, penduduk, dll (dibahas lebih lanjut pada keterangan di bawah), kemudian klik <strong>Lanjutkan</strong>.</p>\n<p>- Lalu tekan tombol ► pada KeyBCA dan masukkan 8 digit nomor yang tertera di KlikBCA ke KeyBCA, kemudian tekan angka 2. Setelah itu akan muncul respon dari KeyBCA dan masukkan nomor yang muncul pada ke kolom Respon KeyBCA Appli 2.&nbsp;</p>\n<p>Jika sudah memasukkan nomor rekening bank Permata ke KlikBCA. Selanjutnya ikuti langkah-langkah berikut untuk transfer menggunakan internet banking ke virtual account Permata Syariah.</p>\n<p>- Pada halaman <strong>Transfer Dana</strong>, pilih <strong>Transfer ke Rekening Bank Lain Dalam Negeri</strong>.</p>\n<p>- Tekan tombol ► pada KeyBCA sampai muncul tulisan Appli, lalu tekan angka 2 dan masukkan 8 digit angka yang tertera pada situs - - KlikBCA. Lalu masukkan nomor yang muncul pada KeyBCA ke kolom Respon KeyBCA Appli 2.&nbsp;</p>\n<p>- Pilih jenis transfer, bisa transfer sekarang atau terjadwal sesuai tanggal yang ditentukan, kemudian klik Lanjutkan.</p>\n<p>- Tekan lagi tombol ► sampai muncul tulisan Appli, kemudian klik angka 1 dan masukkan angka yang muncul sebagai respon ke kolom Respon KeyBCA Appli 1, lalu klik Kirim.&nbsp;</p>', '2019-08-07 09:15:59', '2019-09-30 09:15:59', '1', 'ACTIVE', 'admin:1', '2019-08-08 11:49:23', 'admin:1', '2019-09-09 09:58:41', '0'),
('9', 'https://alazhar-asset.oss-ap-southeast-5.aliyuncs.com/berita/pkgn6.png', '', 'Cara Pembayaran Melalui Mandiri Online dan Internet Banking Mandiri', '<p><strong>Mandiri Online&nbsp;</strong></p>\n<p>1. Login di Aplikasi Mandiri online</p>\n<p>2. Pilih \"Transfer\"</p>\n<p>3. Pilih \"Ke Bank Lain Dalam Negeri\"</p>', '<p>Pembayaran administrasi sekolah Salam Al-Azhar selain melalui ATM juga bisa melalui mobile banking dan internet banking. Berikut tata cara pembayaran melalui mobile banking Mandiri dan internet banking Mandiri</p>\n<p><strong>Mandiri Online&nbsp;</strong></p>\n<p>1. Login di Aplikasi Mandiri online</p>\n<p>2. Pilih \"Transfer\"</p>\n<p>3. Pilih \"Ke Bank Lain Dalam Negeri\"</p>\n<p>4. Tentukan Rekening Sumber. Tap Rekening Tujuan lalu pilih Nama Bank (Bank Permata) dan isi Nomor Rekening Tujuan transfer sesuai dengan virtual Account yang didapatkan di aplikasi. Isi Jumlah Transfer sesuai dengan Total nominal yang didapatkan diaplikasi.</p>\n<p>5. Pilih Jenis Transfer Online</p>\n<p>6. Pilih Lanjut, Kirim dan Masukkan MPIN&nbsp;</p>\n<p>&nbsp;</p>\n<p><strong>Internet Banking Mandiri</strong></p>\n<p>1. Login menggunakan akun mandiri Anda</p>\n<p>2. Pilih menu Transfer</p>\n<p>3. Pilih Antar Bank Online</p>\n<p>4. Pilih Rekening Asal. Untuk Rekening Tujuan Pilih Bank Permata dan masukkan nomor rekening berupa nomor virtual account yang didapatkan di aplikasi. Masukkan Jumlah nominal transfer sesuai dengan total nominal yang didapatkan di aplikasi. Kemudian pilih Lanjutkan</p>\n<p>5. Langkah berikutnya aktifkan token dan masukkan Token PIN mandiri Anda, lalu tekan angka 1 untuk masuk ke mode APPLI 1.</p>\n<p>&nbsp;</p>', '2019-09-06 08:04:49', '2019-11-30 08:04:49', '1', 'ACTIVE', 'admin:1', '2019-09-07 10:17:34', 'admin:1', '2019-09-07 10:19:07', '0'),
('10', 'https://alazhar-asset.oss-ap-southeast-5.aliyuncs.com/berita/luzgm.jpg', '', 'Bebas Biaya Admin', '<p>Sekarang bebas biaya admin untuk pembayaran</p>\n<p>*) Syarat dan ketentuan berlaku</p>', '<p>Assalamualaikum Wr. Wb.</p>\n<p>Dengan ini kami memberitahukan kabar gembira, kami membebaskan biaya admin untuk setiap pembayaran uang sekolah dan lainnya dengan persyaratan sebagai berikut:</p>\n<p>1. Orang Tua yang memiliki peserta didik lebih dari 1 (satu). Biaya admin free berlaku untuk pembayaran kedua dan seterusnya.</p>\n<p>2. Orang Tua melakukan pembayaran sekolah pada bulan yang sama.</p>\n<p>&nbsp;</p>\n<p>Wassalamualaikum wr. wb,</p>\n<p>Admin</p>', '2019-09-08 07:59:04', '2020-09-08 07:59:04', '1', 'ACTIVE', 'admin:1', '2019-09-09 10:10:08', 'admin:1', '2019-09-09 10:14:06', '0'),
('12', 'https://alazhar-asset.oss-ap-southeast-5.aliyuncs.com/berita/bahd1.jpg', '', 'Mabit Tahfizh SMP Islam Al Azhar 1', '<p><span style=\"color: #1c1e21; font-family: Helvetica, Arial, sans-serif;\">Demi mewujudkan generasi cinta Qur\'an, SMPI Al Azhar 1 menyelenggarakan kegiatan Mabit Tahfizh pada Hari Jumat-Sabtu, 4-5 Okt 2019.</span><br style=\"color: #1c1e21; font-family: Helvetica, Arial, sans-serif;\" /><br style=\"color: #1c1e21; font-family: Helvetica, Arial, sans-serif;\" /><span style=\"color: #1c1e21; font-family: Helvetica, Arial, sans-serif;\">Peserta yang berasal dari kelas program Tahfizh ini mengikuti berbagai rangkaian kegiatan dengan sangat baik mulai dari tadarus bersama, muroja\'ah, motivasi sukses menghafal Al Qur\'an, sharing session dari alumni, i\'tikaf dan muhasabah.</span><br style=\"color: #1c1e21; font-family: Helvetica, Arial, sans-serif;\" /><br style=\"color: #1c1e21; font-family: Helvetica, Arial, sans-serif;\" /><span style=\"color: #1c1e21; font-family: Helvetica, Arial, sans-serif;\">Semoga dgn kegiatan ini semakin menambah kedekatan dan kecintaan mereka terhadap Al Qur\'an, serta membuat m</span><span class=\"text_exposed_show\" style=\"display: inline; font-family: Helvetica, Arial, sans-serif; color: #1c1e21;\">ereka lebih bersemangat dalam menghafalkan Al Qur\'an. Aamiin</span></p>\n<p>&nbsp;</p>\n<p><span class=\"text_exposed_show\" style=\"display: inline; font-family: Helvetica, Arial, sans-serif; color: #1c1e21;\">Sumber : @smpi_al_azhar_1</span></p>', '<p><span style=\"color: #1c1e21; font-family: Helvetica, Arial, sans-serif;\">Demi mewujudkan generasi cinta Qur\'an, SMPI Al Azhar 1 menyelenggarakan kegiatan Mabit Tahfizh pada Hari Jumat-Sabtu, 4-5 Okt 2019.</span><br style=\"color: #1c1e21; font-family: Helvetica, Arial, sans-serif;\" /><br style=\"color: #1c1e21; font-family: Helvetica, Arial, sans-serif;\" /><span style=\"color: #1c1e21; font-family: Helvetica, Arial, sans-serif;\">Peserta yang berasal dari kelas program Tahfizh ini mengikuti berbagai rangkaian kegiatan dengan sangat baik mulai dari tadarus bersama, muroja\'ah, motivasi sukses menghafal Al Qur\'an, sharing session dari alumni, i\'tikaf dan muhasabah.</span><br style=\"color: #1c1e21; font-family: Helvetica, Arial, sans-serif;\" /><br style=\"color: #1c1e21; font-family: Helvetica, Arial, sans-serif;\" /><span style=\"color: #1c1e21; font-family: Helvetica, Arial, sans-serif;\">Semoga dgn kegiatan ini semakin menambah kedekatan dan kecintaan mereka terhadap Al Qur\'an, serta membuat m</span><span class=\"text_exposed_show\" style=\"display: inline; font-family: Helvetica, Arial, sans-serif; color: #1c1e21;\">ereka lebih bersemangat dalam menghafalkan Al Qur\'an. Aamiin</span></p>\n<p>&nbsp;</p>\n<p><span class=\"text_exposed_show\" style=\"display: inline; font-family: Helvetica, Arial, sans-serif; color: #1c1e21;\">Sumber : @smpi_al_azhar_1</span></p>', '2019-10-07 00:00:00', '2019-10-31 12:51:27', '2', 'ACTIVE', 'admin:53', '2019-10-07 14:52:13', 'admin:53', '2019-10-07 14:53:47', '0'),
('14', 'https://alazhar-asset.oss-ap-southeast-5.aliyuncs.com/berita/bsnrw.jpg', '', 'Salam Al Azhar Helpdesk', '<p><span style=\"color: #606060; font-family: \'Open Sans\', sans-serif;\">Salam Al Azhar memiliki Salam Al Azhar Helpdesk yang selalu siap memberikan layanan digital customer service dengan pelayanan yang cepat dan terintergrasi. Jika memiliki kendala saat transaksi atau pertanyaan seputar Salam Al Azhar, anda dapat menggunakan fasilitas Live Chat pada aplikasi Salam Al Azhar anda untuk dapat langsung menghubungi Customer Service kami atau dengan mengirimkan email ke ask@salam-alazhar.id</span></p>', '<p><span style=\"color: #606060; font-family: \'Open Sans\', sans-serif;\">Salam Al Azhar memiliki Salam Al Azhar Helpdesk yang selalu siap memberikan layanan digital customer service dengan pelayanan yang cepat dan terintergrasi. Jika memiliki kendala saat transaksi atau pertanyaan seputar Salam Al Azhar, anda dapat menggunakan fasilitas Live Chat pada aplikasi Salam Al Azhar anda untuk dapat langsung menghubungi Customer Service kami atau dengan mengirimkan email ke ask@salam-alazhar.id</span></p>', '2019-10-14 12:19:42', '2020-10-14 12:19:42', '1', 'ACTIVE', 'admin:53', '2019-10-15 02:20:07', 'admin:53', '2019-10-15 02:20:14', '0'),
('15', 'https://alazhar-asset.oss-ap-southeast-5.aliyuncs.com/berita/rwjyp.jpeg', '', 'Tutorial Pendaftaran Murid Baru dan Reset Pasword', '<p>Tutorial PMB dan Reset Pasword : http://bit.ly/pmbsalamalazhar</p>', '<p>Assalamualaikum Ayah Bunda,</p>\n<p>&nbsp;</p>\n<p>Sekolah Islam Al Azhar saat ini sudah mulai membuka Penerimaan Murid Baru Tahun Pelajaran 2020/2021</p>\n<p>&nbsp;</p>\n<p>Bagi Ayah dan Bunda yang ingin mengetahui cara mendaftarkan Ananda tercinta ke Sekolah Islam Al Azhar yang akan dipilih, silakan dilihat tata caranya di http://bit.ly/pmbsalamalazhar</p>\n<p>&nbsp;</p>\n<p>Ayah Bunda dapat membuka http://bit.ly/pmbsalamalazhar jika ingin mengetahui:</p>\n<p>- Tata cara pendaftaran akun Salam Al Azhar</p>\n<p>- Tata cara pendaftaran Murid Baru TP 2020/2021</p>\n<p>- Tata cara pembayaran formulir pendaftaran</p>\n<p>- Tata cara melakukan reset/perubahan password</p>\n<p>&nbsp;</p>\n<p>Yuk daftarkan segera putra putri tercinta ke Sekolah Islam Al Azhar yang menjadi pilihan Ayah Bunda. Sekolah yang mempersiapkan Putra dan Putri menjadi Generasi Berkualitas dan Berkarakter.</p>\n<p>&nbsp;</p>\n<p>Pastikan Sekolah Islam Al Azhar yang dituju terdapat nomor atau angka dibelakang nama sekolahnya ya, Ayah Bunda untuk memastikan sekolah tersebut 100% di bawah naungan YPI Al Azhar.</p>\n<p>&nbsp;</p>\n<p>Untuk informasi lebih lanjut, silakan kunjungi PMB Online Kami di salam-alazhar.id</p>\n<p>Pusat Informasi YPI Al Azhar (021) 7396232, 7261233, Ext: 304</p>\n<p>&nbsp;</p>', '2019-11-05 02:25:23', '2020-06-30 02:25:23', '1', 'ACTIVE', 'admin:59', '2019-11-06 04:32:41', NULL, NULL, '0');

INSERT INTO `berita_kategori` (`id`, `nama`, `status`, `create_user`, `create_date`, `edit_user`, `edit_date`) VALUES ('1', 'Pengumuman', 'ACTIVE', NULL, NULL, NULL, NULL),
('2', 'Seputar Sekolah', 'ACTIVE', NULL, NULL, NULL, NULL),
('3', 'Kajian', 'ACTIVE', 'tb_rafi@yahoo.com', '2018-09-24 07:15:40', 'admin:1', '2019-07-08 20:39:01');

INSERT INTO `berita_komentar` (`id`, `id_user`, `id_berita`, `komentar`, `create_date`, `parent`, `status`) VALUES ('1', '1', '4', 'sangat bagus ', '2019-07-08 22:17:04', '0', 'ACTIVE'),
('2', '344', '1', 'mantap', '2019-07-11 02:30:15', '0', 'ACTIVE'),
('3', '343', '1', 'di tunggu ', '2019-07-11 02:47:32', '0', 'ACTIVE'),
('4', '514', '1', 'Alhamdulillah ....', '2019-07-25 10:47:24', '0', 'ACTIVE'),
('5', '918', '5', 'apakah login ke salam al azhar persi terbaru memakai akun yg dari salam al azhar yg lama atau harus bikin akun baru?', '2019-07-28 05:00:01', '0', 'ACTIVE'),
('6', '1022', '5', 'knapa daftar lagi akun dengan email yang lama tidak bisa ya,informasi tidak valid?', '2019-07-28 11:04:47', '0', 'ACTIVE'),
('7', '1022', '1', 'semoga lekas aktif dan mudah dalam mengaksesnya', '2019-07-28 11:06:50', '0', 'ACTIVE'),
('8', '633', '1', 'alhamdulillah... semoga benar2 memberikan informasi yang realtime dan bs dipergunakan dg maksimal.', '2019-07-29 08:02:48', '0', 'ACTIVE'),
('9', '1288', '1', 'Alhamdulillah, semoga lebih baik dan memudahkan bagi semua', '2019-07-31 00:04:27', '0', 'ACTIVE'),
('10', '1328', '1', 'alhamdulillah..terimakasih atas inovasinya dan sukses selalu untuk ke depannya', '2019-07-31 03:01:20', '0', 'ACTIVE'),
('11', '1329', '1', 'Mohon informasinya, apakah aplikasi ini sudah bisa di pakai? ', '2019-07-31 03:24:17', '0', 'ACTIVE'),
('12', '1342', '1', 'Belum bisa diakses?', '2019-08-01 03:58:49', '0', 'ACTIVE'),
('13', '1460', '1', 'klw mau bayar spp gimana caranya', '2019-08-01 05:30:46', '0', 'ACTIVE'),
('14', '17953', '5', 'login pake no hp lama nggak bisa, minta password baru dibilang nggak terdaftar, ini gimana ya?', '2019-08-01 12:07:16', '0', 'ACTIVE'),
('15', '2422', '1', 'Alhamdulillah, semoga semakin baik. saya sdh install, tapi chat nya kenapa ga bisa ya? ga bisa di type.', '2019-08-01 22:09:15', '0', 'ACTIVE'),
('16', '2422', '1', 'anak saya di aplikasi sebelumnya sdh terdaftar 2 orang, tapi di aplikasi ini hanya 1 anak', '2019-08-01 22:11:16', '0', 'ACTIVE'),
('17', '10631', '1', 'mohon pencerahan anak saya 3..yang nampak disini 1...bagai mana memasukan 2 anak yg lain', '2019-08-01 22:20:10', '0', 'ACTIVE'),
('18', '2518', '1', 'kenapa yg terdaftar hanya 1 anak...sedangkan saya ada 2 anak...? bagaimana caranya utk menambahkan data anak yg satu lagi?', '2019-08-01 22:27:14', '0', 'ACTIVE'),
('19', '10324', '5', 'Pilihan pembayaran kok cuma ada melalu ATM saja ya? transfer online belum bisa kah? ', '2019-08-01 22:38:13', '0', 'ACTIVE'),
('20', '1088', '1', 'asaamualaikum wr wb pa admin, menunya blm tampil semuanya ya?? apakah blm running semua?', '2019-08-01 23:06:24', '0', 'ACTIVE'),
('21', '18086', '1', 'Alhamdulillah, semakin mantab', '2019-08-02 00:17:53', '0', 'ACTIVE'),
('22', '3916', '5', 'dimana panduan penggunaan,ngga ada di aplikasinya salam al azhar terbaru? ', '2019-08-02 00:21:21', '0', 'ACTIVE'),
('23', '18127', '1', 'mohon informasiny data ank saya blm ada..terima kasih', '2019-08-02 02:00:43', '0', 'ACTIVE'),
('24', '18112', '5', 'aplikasi pembayarannya di mana?', '2019-08-02 02:08:57', '0', 'ACTIVE'),
('25', '7951', '5', 'Sudah klik bagian pembayaran tapi loading terus gak berhenti-berhenti...', '2019-08-02 03:11:01', '0', 'ACTIVE'),
('26', '18174', '5', 'Says juga kesulitan utk bayar spp melalui salam Al Azhar yg baru. ', '2019-08-02 03:19:18', '0', 'ACTIVE'),
('27', '18180', '1', 'gimana caraa bayar sekolahnyaa', '2019-08-02 03:42:16', '0', 'ACTIVE'),
('28', '18194', '5', 'belum jelas salam al azhar yg baru.. cuma ada berita2 aja.. utk aplikasi byr spp tdk ada', '2019-08-02 05:48:56', '0', 'ACTIVE'),
('29', '913', '5', 'belum bisa dipakai untuk bayar spp secara online.', '2019-08-02 06:37:45', '0', 'ACTIVE'),
('30', '8627', '5', 'anak saya yang kelas 3 tidak bisa di daftarkan', '2019-08-02 07:16:50', '0', 'ACTIVE'),
('31', '18255', '1', 'Data lama dari versi terdahulu tidak di migrasi? daftar murid lama bagaiamana caranya?', '2019-08-02 08:52:08', '0', 'ACTIVE'),
('32', '18255', '5', 'Bagaimana daftar murid lama?', '2019-08-02 08:56:13', '0', 'ACTIVE'),
('33', '18255', '5', 'Seharusnya data lama dari versi terdahulu dimigras, daftar murid lama harusnya cukup masukan NISnyai', '2019-08-02 08:57:18', '0', 'ACTIVE'),
('34', '18091', '1', 'ini gimana mau masukkan nama anaknya y?', '2019-08-02 09:02:52', '0', 'ACTIVE'),
('35', '17981', '1', 'menunya blm lengkap ya?', '2019-08-02 10:33:36', '0', 'ACTIVE'),
('36', '8708', '5', 'tidak bisa menambah anak dalam 1 akun. Terpaksa buat akun baru dgn nomor hp yg berbeda pula untuk anak ke-2', '2019-08-02 12:04:42', '0', 'ACTIVE'),
('37', '18315', '5', 'bagaimana cara daftar anak sy yg sdh kls 9 dan selama ini pakai app yg model sebelumnya', '2019-08-02 13:11:53', '0', 'ACTIVE'),
('38', '1647', '5', 'Saya sudah bayar 2 anak sampai bulan agustus tapi keduanya ter record belum bayar alias tidak update', '2019-08-02 20:26:48', '0', 'ACTIVE'),
('39', '18353', '6', 'bagaimana cara bayar spp bulanan.tks', '2019-08-02 22:03:07', '0', 'ACTIVE'),
('40', '18348', '6', 'mau bayar SPP bulan agustus tapi yang keluar tagihan Formulir pendaftaran 350.000. mohon dibantu.', '2019-08-02 22:38:55', '0', 'ACTIVE'),
('41', '1604', '6', 'pembayaran muncul ATM permata, ATM Prima & ATM Bersama. tidak ada BCA nya. bgmn nih???', '2019-08-02 23:19:02', '0', 'ACTIVE'),
('42', '18315', '6', 'setelah daftar muncul tagihan sebesar Rp. 475.000,- padahal bulan juli sudah bayar SPP ++ jamiyah dll. Membingungkan?', '2019-08-03 00:00:16', '0', 'ACTIVE'),
('43', '18346', '6', 'ribet bener sih ini tagihan nggak muncul', '2019-08-03 01:12:51', '0', 'INACTIVE'),
('44', '1456', '6', 'bagaimana mengisi daftr ank?', '2019-08-03 01:16:03', '0', 'ACTIVE'),
('45', '18405', '6', 'iya knp muncul tagihan formulir pendaftaran 350.000 ya?', '2019-08-03 01:17:48', '0', 'ACTIVE'),
('46', '1456', '7', 'lbh sulit untuk pemakaian salan al azhar dr yg sblmnya', '2019-08-03 01:18:12', '0', 'ACTIVE'),
('47', '1351', '6', 'ribet banget ...????????‍♀️ saran baiknya msg2 murid punya no rek / Account di salah satu bank rekanan Al Azhar, yg slm 3 tahun itu Acc tdk ganti2 , jd ortu tinggal setor / transfer ke rek siswa tsb , tiap bulan ...simple kan ... ', '2019-08-03 01:29:07', '0', 'INACTIVE'),
('48', '1351', '6', 'maaf .. kepencet tanda tanya ya...????????????????', '2019-08-03 01:31:25', '0', 'ACTIVE'),
('49', '1351', '6', 'kok error ya', '2019-08-03 01:44:33', '0', 'ACTIVE'),
('50', '18413', '6', 'ini kenapa jd registrasi murid baru sih .. kapan sosialisasi nya sih aplikasi inj', '2019-08-03 01:47:19', '0', 'ACTIVE'),
('51', '18410', '6', 'koq muncul 350rb byr formulir', '2019-08-03 01:48:38', '0', 'ACTIVE'),
('52', '4230', '6', 'lah kok jd registrasi murid baru & harus bayar macem2 lagi? ga ngerti saya, mana ga bisa dihapus/direvisi....', '2019-08-03 02:01:35', '0', 'ACTIVE'),
('53', '3539', '5', 'saya sudah bayar SPP 2 anak saya sampai dengan Bulan Agustus 2019. Pembayaran tersebut saya lakukan pd tanggal 5 Juli 2019. Namun ternyata di Salam Al Azhar yg baru ini belum tercentrang Bulan Agustusnya. Mhn solusi', '2019-08-03 03:03:33', '0', 'ACTIVE'),
('54', '3691', '7', 'lebih ribet sistem baru salam al-ashar ', '2019-08-03 03:13:51', '0', 'INACTIVE'),
('55', '10233', '6', 'klu di tranper lewat atm kaya yg wkt bayar uang bangunan bs ga?soal ribet cr pembayarannya', '2019-08-03 03:16:35', '0', 'INACTIVE'),
('56', '18444', '7', 'untuk murid lama,bagaimana cara masukin datanya', '2019-08-03 03:31:08', '0', 'ACTIVE'),
('57', '10631', '7', 'min...bagaimana memasukan tambahan anak...anak saya 3..yang terdaftar baru 1', '2019-08-03 04:11:34', '0', 'ACTIVE'),
('58', '10631', '7', 'saran saya balikin lagi ke aplikasi sebelumnya..', '2019-08-03 04:13:41', '0', 'ACTIVE'),
('59', '10631', '6', 'saran saya balikin ke aplikasi sebelumnya aja', '2019-08-03 04:16:20', '0', 'ACTIVE'),
('60', '4284', '7', 'mau bayar gagal terus, bagaimana ini ya', '2019-08-03 05:23:25', '0', 'ACTIVE'),
('61', '4295', '5', 'sy sudah bayar spp smpe dengan agustus tapii masih tertagih diaplikasi ini', '2019-08-03 05:43:42', '0', 'ACTIVE'),
('62', '18467', '6', 'ribet', '2019-08-03 05:46:14', '0', 'INACTIVE'),
('63', '4271', '6', 'bagaimana cara tambah account anak yang sekolah di Al Azhar', '2019-08-03 05:50:30', '0', 'ACTIVE'),
('64', '4215', '6', 'saya sudah membayar spp juli dan agustus dgn aplikasi lama, skrg ada tagihan spp agustus bagaimana ini?', '2019-08-03 06:11:56', '0', 'ACTIVE'),
('65', '4215', '5', 'saya juga sudah bayar spp sd agustus dengan aplikasi lama tapi di aplikasi baru ditagih lagi? Bagaimana ini?', '2019-08-03 06:14:31', '0', 'ACTIVE'),
('66', '18483', '5', 'jd mumet gonta ganti melulu cara bayar spp, udah bank ini bank itu sekarg pake aplikasi gonta ganti lagi udah manual bayar ke tu', '2019-08-03 06:15:05', '0', 'ACTIVE'),
('67', '18506', '7', 'mau bayar spp saya kira harus resgitrasi dulu malah ternyata pendaftaran siswa baru', '2019-08-03 08:09:06', '0', 'ACTIVE'),
('68', '18255', '5', 'pertanyaan2nya koq ga ada jawabanya? admin mana admin....????', '2019-08-03 08:12:17', '0', 'ACTIVE'),
('69', '18504', '6', 'ribet banget susah lagi bolak balik kenapa ga pake yg dulu aja ', '2019-08-03 08:12:19', '0', 'INACTIVE'),
('70', '18255', '6', 'Bagaimana memasukan data siswa iama?', '2019-08-03 08:14:37', '0', 'ACTIVE'),
('71', '1123', '6', 'mau nambah account anak gmn ya?', '2019-08-03 08:47:45', '0', 'ACTIVE'),
('72', '18255', '6', 'Min...Admin....ni banyak pertanyaan, kebanyakan sama kasusnya...beri pencerahan Min', '2019-08-03 08:50:54', '0', 'ACTIVE'),
('73', '18522', '6', 'sepertinya adminnya di TU masing2 Al Azhar moms...', '2019-08-03 10:15:52', '0', 'ACTIVE'),
('74', '6428', '6', 'kami sdh bayar spp sampai dgn desember kim muncul tagihan spp agustus bgm ini ???', '2019-08-03 10:25:58', '0', 'ACTIVE'),
('75', '1405', '7', 'saya sudah login malah tidak ada data murid diminta registrasi malah seperti murid baru status animo dan ada tagihan folmulir pendaftaran', '2019-08-03 11:55:05', '0', 'ACTIVE'),
('76', '10877', '7', 'sistem pembayaran sedikit ribet. baik memakai sistem pembayaaran sebelum nya. untuk tampilan aplikasi lebih baik sistem ini. tetapi untuk sistem pembayaran lebih baik seperti sebelum nya lebih mudah ', '2019-08-03 12:42:36', '0', 'INACTIVE'),
('77', '1342', '7', 'pusing', '2019-08-03 12:43:33', '0', 'ACTIVE'),
('78', '18288', '5', 'aplikasi salam yg baru tampaknya masih blm user friendly utk ortu', '2019-08-03 13:46:53', '0', 'ACTIVE'),
('79', '1156', '5', 'tidak bisa bayar SPP sekaligus untuk lebih dari 1 anak, tidak seperti aplikasi sblm ny...mungkin aplikasi ini bisa lebih dikembangkan sehingga ortu murid jg tidak sulit menggunakan nya', '2019-08-03 19:49:25', '0', 'ACTIVE'),
('80', '686', '6', 'sekedar Saran,,,apa ga sebaiknya pembayaran spp auto debet aja ,,,setiap anak py no rek masing\" Dr bank rekanan Al zhar,,,jd lbh simple', '2019-08-03 20:11:19', '0', 'ACTIVE'),
('81', '8989', '5', 'Gak ngerti cara make nya .. Siapa yg bisa ngajarin kita nih .. Anak saya 2 orang bersekolah di AA .. tagihan spp cuman muncul 1 aja .. ', '2019-08-03 21:07:44', '0', 'ACTIVE'),
('82', '18577', '6', 'sy sdh login tp tdk bs ktnya salah alamat email dan passwordnya jd daftar lagi dgn nama yg sama,msk aplikasi hrs daftarkan nama anak tp ternyata utk anak baru..bisa bantu bgmn caranya bs dpt nama anak yg sdh terdaftar?anak sy kelas 6 di alsen 19.Tks', '2019-08-03 21:37:35', '0', 'ACTIVE'),
('83', '18594', '6', 'ribet ganti2 terus system pembayarannya', '2019-08-03 22:17:14', '0', 'INACTIVE'),
('84', '493', '6', 'kenapa saya masih belum ada data tagihan nya cuma aa menu registrasi murid baru', '2019-08-03 22:53:11', '0', 'ACTIVE'),
('85', '7115', '6', 'mau ganti passwrd di menu mana ya..apa harus tekan lupa pass dl ?', '2019-08-03 22:54:28', '0', 'ACTIVE'),
('86', '18259', '7', 'sy mau melakukan pembayaran SPP tapi data murid tidak muncul, bagaimana ini??', '2019-08-03 23:07:50', '0', 'ACTIVE'),
('87', '18259', '6', 'Betul....tdk ada sosialisasinya. Hny bbrp hari menjelang awal bulan baru diinfo ada aplikasi baru. Hadeuh...kok bikin repot ya?', '2019-08-03 23:28:52', '0', 'ACTIVE'),
('88', '7608', '5', 'anak saya yang di sd tidak ter log in', '2019-08-03 23:45:47', '0', 'ACTIVE'),
('89', '12057', '5', 'sy mau tanya apa udh msk uang spp saya, gmn caranya', '2019-08-04 00:30:59', '0', 'ACTIVE'),
('90', '12057', '5', 'bisa tau dr mana ya klo mau liat udh brapa blnnya sy byr, krn sy udh byr sampai september 2019', '2019-08-04 00:33:39', '0', 'ACTIVE'),
('91', '10118', '7', 'Versi3 mudah dioperasikan dan cepat aksesnya', '2019-08-04 00:45:47', '0', 'ACTIVE'),
('92', '9563', '5', 'assalamualaikum...sya Bru ajah download dan daftar...bagaimana cara mencari menu pembayaran?', '2019-08-04 00:52:27', '0', 'ACTIVE'),
('93', '3473', '5', 'assalamualaikum, saya sudah membayar sampe dgn agustus memakai aplikasi lama, kenapa di aplikasi baru belom tercentang, ', '2019-08-04 03:42:16', '0', 'ACTIVE'),
('94', '3473', '7', 'aplikasi bikin pusing, data registerasi ga langsung terisi siswa aktif, malah suruh ngisi kayak murid baru, jadi ada tagihan lagii...padahal anak sy udh kls 6...trus spp yg sudah terbayar sampai agustus tidak tercentang, ', '2019-08-04 03:47:51', '0', 'ACTIVE'),
('95', '616', '6', 'mhn maaf kenapa baru 1 anak saya yg terdaftar. ini sistem baru kok implementasinya tdk well prepare ya. dan sepertinya keluhan ortu juga tdk dipantau, tdk ada respon sama sekali.', '2019-08-04 06:26:15', '0', 'ACTIVE'),
('96', '3723', '6', 'saya sudah membayar spp bulan agustus pada aplikasi lama tetapi pas login di aplikasi baru status spp bulan agustus tidak terrcontreng alias blm bayar status dibilang blm bayar gmn nih ??', '2019-08-04 06:52:29', '0', 'ACTIVE'),
('97', '3723', '7', 'harusnya satu akun bisa buat anak banyak ini satu akun satu anak ribet bgt min', '2019-08-04 06:57:37', '0', 'INACTIVE'),
('98', '18698', '5', 'saya sudah registrasi namun data siswa dianggap sebagai data siswa yg mau pertama mendaftar ', '2019-08-04 07:19:19', '0', 'ACTIVE'),
('99', '12492', '6', 'kenapa Cuman 1 nama anak saya yang muncul padahal anak saya ada 2..ribet banget nanti kalau Nunggak kita yang disalahkan.', '2019-08-04 07:49:32', '0', 'INACTIVE'),
('100', '18698', '7', 'registrasi anak saya tercatat sebagai calon peserta dan tidak bisa dihapus dan kami juga blm menerima no hp yg terdaftar diaplikasi ini', '2019-08-04 07:52:02', '0', 'ACTIVE'),
('101', '2428', '7', 'Anak nya 3 no va nya juga 3 ya kemudian hrs langsung transfer no va tdk di simpan bbrp saat spt sempat pergi k atmnya jadi malah ribet utk yg anaknya lbh dari 1 bersekolah dsini', '2019-08-04 09:11:57', '0', 'INACTIVE'),
('102', '1512', '7', 'semua kasusnya hampir sama. kenapa mesti ganti aplikasi? ', '2019-08-04 11:04:56', '0', 'ACTIVE'),
('103', '871', '6', 'anak saya juga 2 yg bersekolah, tp yg terdaftar cuma 1. pas saya coba isi form anak kedua ternyata utk pendaftaran awal, jadi pembayaran yg keluar nominal 350rb. bukan nominal spp keduanya. gmn cara pembatalannya? sampai sekarang anak kedua saya belum terdaftar', '2019-08-04 11:45:59', '0', 'ACTIVE'),
('104', '8113', '6', 'anak saya yg kelas 8 sudah bisa bayar spp agustus. bagaimana cara menanbah anak yg kelas 6 sd? krn tidak ada petunjuk utk penambahan anak', '2019-08-04 13:22:05', '0', 'ACTIVE'),
('105', '10080', '6', 'banyak sekali pertanyaan..ga ada yg di response', '2019-08-04 19:17:24', '0', 'ACTIVE'),
('106', '18460', '7', 'login bisa masuk,namun data murid tidak ada.jadi tidak bisa melakukan pembayaran spp', '2019-08-05 00:10:34', '0', 'ACTIVE'),
('107', '10072', '7', 'kami memiliki 2 orang anak namun pendaftaran utk yg ke 2 tidak dapat dilakukan...mohon arahan selanjutnya. Terima Kasih Pak/Ibu admin ????', '2019-08-05 01:22:12', '0', 'ACTIVE'),
('108', '18670', '7', 'assalamualikum min.    ii saya mau registrasi murid tapi wilayAh yang di masukkan tidak bisa min. di al azhar sentra primer', '2019-08-05 02:48:16', '0', 'ACTIVE'),
('109', '11197', '6', 'opsi bayar cuma dimonopoli Permatabank. jd OTM hrs bayar biaya transfer antar bank tiap 1x transaksi. padahal kami jg sudah dibebankan BIAYa Admin di aplikasi sebesar Rp. 7.500. tolong tambahkan opsi bayar jangan cuma Dimonopoli/dikuasai oleh permata syariah', '2019-08-06 03:44:27', '0', 'ACTIVE'),
('110', '11197', '7', 'tolong tambahkan opsi bayar ke bank selain dimonopoli oleh permatasyariah. jadi kami tidak dibebankan biaya admin+biaya transfer antar bank berkali kali dobel setiap kali melakukan transaksi. cukuplah hanya biaya admin, tanp hrs ditambah beban lg hrs bayar biaya transfer. Tinggal tambah pilihan bank', '2019-08-06 03:50:05', '0', 'ACTIVE'),
('111', '11197', '5', 'Ribet. sistem baru tidak lebih baik dr sistem lama. tolong tambahkan opsi pembayaran jangan cuma permatasyariah. jadi OTM tdk dikenakan dobel biaya admin dan biaya transfer antar bank setiap 1x transaksi. Di sistem yg lama sudah ada opsi2 pakai BcA, Mandiri,dll udah mulai nyaman. ehhh skrg berubah l', '2019-08-06 03:56:36', '0', 'INACTIVE'),
('112', '8524', '7', 'anak saya yang terdaftar dua tapi yang satu kok tercatat sebagai murid baru padahal sudah klas 4 bagaimna ini ', '2019-08-06 07:10:19', '0', 'ACTIVE'),
('113', '18577', '6', 'sy sdh login tp tdk ada nama anaknya', '2019-08-06 09:10:35', '0', 'ACTIVE'),
('114', '1187', '7', 'saya mau byr hrs klik yg mana?', '2019-08-07 01:39:43', '0', 'ACTIVE'),
('115', '7951', '5', 'Kenapa pakai bank yang langka sih?', '2019-08-07 03:02:50', '0', 'ACTIVE'),
('116', '18827', '5', 'yg bikin system bodoh...bukannya mempermudah malah mempersolit, kok jadi bodoh begini sih', '2019-08-07 06:31:28', '0', 'INACTIVE'),
('117', '18829', '6', 'sy sdh login tp tdk ada nama anak saya????', '2019-08-07 09:57:06', '0', 'ACTIVE'),
('118', '8124', '7', 'mau bayar gimana caranya', '2019-08-07 10:22:02', '0', 'ACTIVE'),
('119', '18869', '5', 'baca berita pd komplain gini mah jadi ragu n mls mo bayar pake apk ini', '2019-08-07 10:47:44', '0', 'ACTIVE'),
('120', '17947', '5', 'saya sdh register, namun data anak blm muncul, dan bagaimana cara cari menu pembayaran ?', '2019-08-07 12:49:25', '0', 'ACTIVE'),
('121', '315', '7', 'Alhamdulillah selamat dan sukses Aplikasi Salam Al Azhar V3 terbaru ini  milik YPI Al Azhar, lebih mudah dan simpel TDK mudah terblokir dan VA-nya static TDK berubah-rubah, .maju terus aplikasi Salam Al Azhar V3, Insya Allah kedepanya akan terus diperbaiki... ????????????????.  ', '2019-08-07 14:01:09', '0', 'ACTIVE'),
('122', '315', '6', 'Alhamdulillah selamat dan sukses, Aplikasi Salam Al Azhar Versi 3 terbaru ini  milik YPI Al Azhar, lebih mudah dan simpel TDK mudah terblokir dan VA-nya static TDK berubah-rubah, maju terus aplikasi Salam Al Azhar V3, semoga kedepanya akan jauh lebih baik dan terus diperbaiki... Aamiin YRA.', '2019-08-07 14:12:29', '0', 'ACTIVE'),
('123', '315', '5', 'Yth Bapak/ibu yg ingin melakukan pembayaran uang sekolah (SPP Online) mohon tidak melakukan registrasi krn registrasi itu untuk pendaftaran murid baru, jika sudah terlanjur masuk ke login registrasi klik Akun lalu klik logout lalu klik Akun lg, lalu klik LOGIN dg cara Mobile Number diisi dg nomor HP', '2019-08-07 14:28:44', '0', 'ACTIVE'),
('124', '315', '5', 'yg terdaftar dg password NIS, jika tidak tau nomor HP yg terdaftar,  bisa ditanyakan ke tata usaha masing2. Semoga lancar dan sukses selalu... Aamiin YRA', '2019-08-07 14:31:17', '0', 'ACTIVE'),
('125', '315', '5', 'Cara melihat menu pembayarannsetelah LOGIN klik daftar nama yg tertera sebagai murid aktif/bukan animo hasil registrasi), klik PEMBAYARAN, klik bulan yg mau dibayarkan, klik bayar,  isi DONASI seikhlasnya (Donasi utk pembangunan masjid Raya Al Azhar di cabang2) klik bayar klik nama bank, akan muncul', '2019-08-07 14:40:54', '0', 'ACTIVE'),
('126', '315', '5', 'rincian biaya dan  jumlah yg harus ditransfer serta dibawahnya akan tertera Virtual Account dpt ditransfer via ATM dan MBanking (transfer antar bank) dirikan ke Bank Permata kode bank 013. Semoga lancar dan sukses selalu... Aamiin YRA ', '2019-08-07 14:44:24', '0', 'ACTIVE'),
('127', '11440', '7', 'masalah utamanya masih sama dengan aplikasi yg sebelumnya, ribet dalam urusan pembayaran, masalah yg sama diulang lagi, semestinya sudah bisa diantisipasi dari pengalamam sebelumnya dan diawal mengunakan aplikasi baru sudah beres rapi dan MUDAH untuk pembayaran. terlebih lagi ini hanya ada opsi 1 Ba', '2019-08-07 19:43:04', '0', 'INACTIVE'),
('128', '7688', '7', 'mau bayar spp nya bagaimana? tdk ada perintah bayar', '2019-08-07 22:23:44', '0', 'ACTIVE'),
('129', '1774', '6', 'ini untuk pembayaran SPP ank lebih dari 1 apakah jumlahnya tdk bisa di gabung dngn total Rpnya', '2019-08-07 23:51:28', '0', 'ACTIVE'),
('130', '1695', '7', 'Untuk mbayar sekolah 2 anak harus dilakukan satu persatu tdk bisa sekaligus. Jadi kena 2x biaya administrasi, belum lg ada biaya transfer antar bank. Semoga bisa diperbaiki dan opsi pembayaran bisa ditambah ', '2019-08-08 02:36:17', '0', 'ACTIVE'),
('131', '8421', '6', 'sy sdh coba byr uang sekolah anak sy utk agustus tp ktmya no virtual tdk trrdaftar. bagaimana yaa caranya?', '2019-08-08 09:49:27', '0', 'ACTIVE'),
('132', '8421', '5', 'kita malah jd repot ni dg pembayaran system baru. ', '2019-08-08 10:15:16', '0', 'ACTIVE'),
('133', '8421', '5', 'benar ni.  kt nanya2 tp tdk ada yg kasih jawaban ya. duh mau pake tehnologi tp ngasal', '2019-08-08 10:17:21', '0', 'ACTIVE'),
('134', '7077', '7', 'Harusnya menggunakan aplikasi untuk memudahkan bukannya malah bikin ribet', '2019-08-08 10:57:17', '0', 'INACTIVE'),
('135', '3910', '7', 'untuk bayar pada menu tagihan digeser ke kanan. pilih menu pembayaran. semoga membantu.', '2019-08-08 16:03:52', '0', 'ACTIVE'),
('136', '9670', '8', 'maaf hafal terus karena transfer via nomer virtual tidak memerlukan kode bank 013', '2019-08-08 22:35:41', '0', 'ACTIVE'),
('137', '9670', '8', 'bila memilih transfer  antar bank, dengan kode bank 013, M banking akan meminta rekening atas nama siapa? ', '2019-08-08 22:36:35', '0', 'ACTIVE'),
('138', '11929', '5', 'kok hanya permata n m-bca? tdk ada piliha va mandir?', '2019-08-09 00:58:22', '0', 'ACTIVE'),
('139', '3745', '5', '[8/8, 09:39] Tenorio: Assalamualaikum Salam Al Azhar[8/8, 09:41] Tenorio: Mau Tanya, Saya sdh bayar bulan Agustus, namun di sistem Salam Al azhar masih ada tagihannya. Kalau nanti Saya mau bayar yg September, tagihannya Agustus+September. Mohon bantuannya.', '2019-08-09 01:00:22', '0', 'ACTIVE'),
('140', '4230', '5', 'saya komplain nih ya... kenapa VA nya hanya Permata? dulu ada pilihan VA BCA... kok jd kemunduran', '2019-08-09 01:19:32', '0', 'ACTIVE'),
('141', '4230', '5', 'saya komplain lagi.... dulu 2 anak bisa bayar sekalian barengan, ada biaya admin 7500 sekalian utk 2 anak. Ada VA BCA. Lha sekarang? Bayar musti satu2... tiap bayar 1 anak kena admin 7500, brarti 2 anak jd 7500x2. Trus kena biaya transfer antar bank dikali 2 juga.... 30rb perbulan x 12 bulan = 360rb', '2019-08-09 01:21:38', '0', 'ACTIVE'),
('142', '4230', '5', 'saya tunggu perbaikan dari salam al azhar, baru saya bayar... silakan diperbaiki dulu sistemnya. Kalau yg sekarang ini, apa bedanya dg langsung transfer ke bank Permata norek Al Azhar? Malah klo pake salam al azhar jd kena biaya admin dobel2', '2019-08-09 01:25:00', '0', 'ACTIVE'),
('143', '4230', '5', 'selama setahun kemaren pakai salam al azhar, saya tidak merasakan ada manfaat nya. Sama aja dg bayar transfer langsung ke norek Al Azhar... jd utk apa bikin salam al azhar. Yg ada malah lebih ribet.... Tolong ya jgn sampai ada kita otm suudzon bahwa ini salah satu cara al azhar mengumpulkan dana.', '2019-08-09 01:29:34', '0', 'INACTIVE'),
('144', '11197', '8', 'tolong ditambahkan cara pembayaran dgn bank lain selain via virtual account PERMaTAsyariah bank. karena tiap kali transaksi transfer ke bank lain (013) pasti OTM dibebankan lagi biaya transfer antar bank sebesar Rp. 7.500. jadi dobel deh selain biaya admin ditambah jg biaya transfer antar bank. ', '2019-08-09 01:55:13', '0', 'ACTIVE'),
('145', '11197', '8', 'mohon tambahkan kemudahan pembayaran spp tanpa harus tambah tambah biaya lagi, dgn tambahan opsi pembayaran via virtual account bank Mandiri atau BCA atau bank lai', '2019-08-09 01:56:50', '0', 'ACTIVE'),
('146', '7270', '6', ' pertanyaannya ngga di respon ', '2019-08-09 04:23:02', '0', 'ACTIVE'),
('147', '8524', '7', 'ini ngisi komentar dibaca gak sih sama pihak al azhar?  ', '2019-08-09 04:37:04', '0', 'ACTIVE'),
('148', '8524', '7', 'Anak yg sekolah di al azhar 2 anak kenapa di aplikasi baru ini hanya satu anak yg terdaftar', '2019-08-09 04:37:46', '0', 'ACTIVE'),
('149', '9826', '8', 'untuk membayar 2 anak apakah bisa di buat untul 1x transaksi krn selain memakan waktu biaya adm transfr juga kena 2x', '2019-08-09 05:16:20', '0', 'ACTIVE'),
('150', '9320', '6', 'anak saya 2 orang yg sekolah tapi hanya terdaftar 1, gimana cara nya tambh murid? ', '2019-08-09 10:32:35', '0', 'ACTIVE'),
('151', '18673', '6', 'maaih belum bisa digunakan ya... ', '2019-08-09 12:25:54', '0', 'ACTIVE'),
('152', '6173', '5', 'Subhanallah... Bismiilah, Bagi yg ingin lebih jelas pertanyaan seputar pembayaran SPP bisa ditanyakan ke tata usaha masing2,...  ', '2019-08-09 12:30:33', '0', 'ACTIVE'),
('153', '417', '7', 'kalo ndak siap migrasi, jangan dipaksakan. bisa kembali ke DOKU atau pakai virtual account dulu saja. yang penting dana cash masuk ke al azhar. jangan korbankan gaji karyawan dan guru apalagi operasional sekolah. fokus ke aplikasi pembayaran saja. kalo mo nambahin informasi lain bisa digarap sambil ', '2019-08-09 15:23:39', '0', 'ACTIVE'),
('154', '7625', '7', 'Aplikasi sekarang ini lebih mudah dan simple, jika ada kekurangan mohon dimaklumi Krn baru louncingnya seminggu... ', '2019-08-09 22:23:57', '0', 'ACTIVE'),
('155', '7625', '7', 'maju terus salam Al Azhar V3 semoga lancar dan sukses selalu.....', '2019-08-09 22:24:48', '0', 'ACTIVE'),
('156', '2693', '6', 'waahhh kok skrg jadi gini ya..dulu masih bisa pembayaran 2 anak langsung jd satu. sekarang kenapa mesti bayar satu satu?? biaya admin jadi dobel..kl kayak gini bukan memperbaiki namanya malah bikin tambah beban OTM..gimana nih penjelasannya al azhar??', '2019-08-10 00:47:03', '0', 'ACTIVE'),
('157', '4626', '7', 'history pembayaran harusnya dari Juli krn ada sebagian otm yg blm byr Juli dll', '2019-08-10 04:31:35', '0', 'ACTIVE'),
('158', '3835', '7', 'bagaimana cara memasukan data anak saya yg di TK ke aplikasi?', '2019-08-10 04:46:11', '0', 'ACTIVE'),
('159', '4163', '8', 'setidaknya dgn dikelola al azhar sendiri bukan lg doku.id, pembayaran bs sama dgn sekali transaksi unt  anak2. kl tiap anak bayar masing2 itu artinya sekolah tidak membelikan added value pada otm. buat orang tua lbh baik doku.id lebih efektif dan murmer', '2019-08-10 04:55:11', '0', 'ACTIVE'),
('160', '4163', '6', 'tidak efektif tidak bisa sekali bayar untuk bbrp anak. ', '2019-08-10 04:56:50', '0', 'ACTIVE'),
('161', '19099', '8', 'adain bca laaa, lumayan kan 7500 sekali bayar', '2019-08-10 05:46:42', '0', 'ACTIVE'),
('162', '18907', '6', 'aplikasi tidak user friendly..blm berhasil login', '2019-08-10 09:52:42', '0', 'ACTIVE'),
('163', '532', '6', 'Bisa login, tapi data anak saya tidak ada, dan tidak ada pilihan untuk menambahkan data anak. ', '2019-08-10 10:11:54', '0', 'ACTIVE'),
('164', '4381', '8', 'anak sy 2 org di al azhar, pembayaran dgn aplikasi yg baru ga bs sekaligus, musti satu satu, sy lebih suka cara pembayaran dgn aplikasi yg lama, bs sekaligus...dgn aplikasi baru..kena administrasi 2x...kena biaya tf 2x...krn sy pny ny BNI...terlalu bnyk embel embel ny...tiap bulan kena 30rb...tuk 2 ', '2019-08-10 10:53:02', '0', 'ACTIVE'),
('165', '19218', '6', 'sdh berhasil.log in tp di data kurid', '2019-08-11 01:46:10', '0', 'ACTIVE'),
('166', '19218', '6', 'sdh berhasil log in tp di data murid kosong da  saya nggak bisa input data anak saya', '2019-08-11 01:46:59', '0', 'ACTIVE'),
('167', '19218', '5', 'aduh apa nya yg memudahlan ', '2019-08-11 01:48:03', '0', 'ACTIVE'),
('168', '19218', '5', 'malah jd ribet ', '2019-08-11 01:48:18', '0', 'INACTIVE'),
('169', '6678', '7', 'Databasenya masih belum update. Pembayaran via aplikasi sebelumnya belum tercatat', '2019-08-11 02:36:37', '0', 'ACTIVE'),
('170', '773', '6', 'saya sdh bs login, sudah 2 minggu ini tagihan tertulis 0. gimana caranya saya mau bayar SPP? sampe tgl segini jd belom bayar ????', '2019-08-11 03:23:09', '0', 'ACTIVE'),
('171', '773', '8', 'ini aplikasi ga ada admin nya ya? sy lihat di setiap topic news yg diposting banyak yg bertanya termausk saya. tp ga ada 1 pun yg dibalas oleh admin?? bahkan sy bertanya sebulan lalu melalui nomor whatsapp juga ga deliver2?? kemana harus bertanya?? mau bayar aja susah. nanti kalau nunggak dianggap s', '2019-08-11 03:28:02', '0', 'ACTIVE'),
('172', '2200', '5', 'saya alhamdulillah banget di bantu staf tu sd islam al azhar 12 yg di cikarang manteb lancar,semoga bulan2 berikutnya sjg lancar', '2019-08-11 18:54:25', '0', 'ACTIVE'),
('173', '6609', '7', 'saya sama sekali belum bisa...sdh kesekolah bertemu dgn staff TU alpus pusat ibu irma hasil nihil tagihan spp blm muncul no hp sdh saya daftarkan...bagaimana ini...????WA tdk di respon mengecewakan pelayanannya', '2019-08-11 23:23:11', '0', 'ACTIVE'),
('174', '18102', '7', 'sy masih belum bisa bayar spp anak sy...tagihan 0...gpp kan jdnya klo telat bayar...kan bukan keinginan kita para ortu...', '2019-08-12 03:00:35', '0', 'ACTIVE'),
('175', '19248', '5', 'mau registrasi anak smp 1 kebayoran baru, tp ga ada pilihannya..', '2019-08-12 04:05:38', '0', 'ACTIVE'),
('176', '19251', '6', 'alexandra itsaura addina naviyanto dah berhasil log in...tp tagihan agustus mash 0 ya...gmn pa or bu', '2019-08-12 06:39:32', '0', 'ACTIVE'),
('177', '18435', '6', 'Saya sdh bisa login pakai login yang lama. nama yg tercantum nama orang tua. coba klik murid tp tdk ada data.', '2019-08-12 09:26:14', '0', 'ACTIVE'),
('178', '1782', '7', 'uang yang sudah ada di doku bagaimana?. bila mau migrasi harus ada waktu yang cukup lah untuk ortu murid ', '2019-08-12 22:14:44', '0', 'ACTIVE'),
('179', '11197', '8', 'OTM sdh dibebankan biaya admin aplikasi 7.500 ehhh masih hrs dibebankan bayar biaya transfer 7500 lg per anak per transaksi. woww luar biasa. kirain pakai aplikasi punya yayasan jadi ga dikenakan biaya admin. ini malah tambah biaya bertumpuk (admin+transfer antar bank)', '2019-08-13 00:01:44', '0', 'ACTIVE'),
('180', '19268', '8', 'aplikasi yg baru ini data anak. kok gak terekam. bingung tagihan bayaran nya. nanti. gimana', '2019-08-13 00:23:40', '0', 'ACTIVE'),
('181', '19268', '6', 'masih tertulis 0', '2019-08-13 00:25:06', '0', 'ACTIVE'),
('182', '3451', '7', 'ini adminnya baca komen ga ya ?? ko blm ada satupun yg dijawab !!!!!', '2019-08-13 03:02:27', '0', 'ACTIVE'),
('183', '3709', '8', 'aplikasi yang baru masih bikin susah    gagal terus pas bayar   dan kadang twrtuliskan eror    sampai sekarang belum terbayarkan ', '2019-08-13 05:04:20', '0', 'ACTIVE'),
('184', '624', '5', 'assalamaualaikum saya mau reg sd 17 bintaro tapi gak ada pilihannya .', '2019-08-13 06:17:34', '0', 'ACTIVE'),
('185', '4453', '6', 'Ribet klw punya anak 2 nggak bisa gabung, biaya transfer jadi double', '2019-08-14 01:49:50', '0', 'INACTIVE'),
('186', '9565', '8', 'mau bayar aja dipersulit. gimana orang tua murid yg sdh berumur pikir lah jgn mau proyek aja', '2019-08-14 03:11:19', '0', 'ACTIVE'),
('187', '18649', '7', 'di aplikasi yg terbaru nama anak sy belum terdaftar jd tidak bisa melalukan pembayaran spp kira’a klo belum siap dengan aplikasi yg baru jng dikeluarkn dulu karena akan seperti ini banyak komplen dari org tua murid terima kasih', '2019-08-14 06:58:45', '0', 'ACTIVE'),
('188', '3591', '6', 'spp anak saya bulan agustus 2019 sdh dibayarkan pd bulan juli 2019. Tapi kenapa ditagihkan kembali pd bulan agustus. Wkt pembayaran bulan juli 2019 masih menggunakan aplikasi yg lama. Bukti bayar sdh ada. Mohon penjelasannya.', '2019-08-14 09:02:27', '0', 'ACTIVE'),
('189', '4505', '5', 'banyak yg nanya gak ada satupun yg di jawab, mau canggih kok ya setengah setengah', '2019-08-14 09:34:59', '0', 'ACTIVE'),
('190', '6328', '8', 'sekilas info...kalau yg lama begitu dimasukan virtual langsung keluar data nama murid n jumlah angkanya, tdk perlu hrs masukan jumlah uangnya, .sekarang masukan nama bank n virtual is ok ..begitu masukan pin. ..eh gagal disuruh kontak bank... sy coba lagi ya gagal lagi sama problemnya..mungkin jarin', '2019-08-14 10:14:41', '0', 'ACTIVE'),
('191', '18632', '8', 'saya mau bayar gagal terus lwt BRI bahkan lewat internet banking permata pun gagal mau bayar aja susah bgt', '2019-08-14 23:13:14', '0', 'ACTIVE'),
('192', '11976', '8', 'tolong ada sosialisasi dl sebelum diluncurkan aplikasi yg baru. sy cukup kerepotan hanya utk urusan bayaran sekolah', '2019-08-15 03:05:45', '0', 'ACTIVE'),
('193', '17947', '6', 'data anak saya blm muncul di aplikasi ini, dan tatacara pembayaran SPP bagaimana ? ', '2019-08-15 03:23:35', '0', 'ACTIVE'),
('194', '2180', '5', 'saya mo reg SMA 22 kok g ada pilihannya', '2019-08-15 06:17:15', '0', 'ACTIVE'),
('195', '19395', '6', 'saya sudah masuk dengan data seperti yg lama kenapa nama murid kosing ?', '2019-08-15 19:32:16', '0', 'ACTIVE'),
('196', '10896', '8', 'dari aplikasi ada biaya admin 7.500. Karena gak punya permata, transfer pakai bank lain kena lagi biaya adm 6.500. Total 14.000 rupiah tiap bulan x 2 anak = 28.000 hanya untuk biaya administrasi. ', '2019-08-16 01:23:41', '0', 'ACTIVE'),
('197', '7870', '8', 'Sekarang tiap anak kena biaya admin, belum lagi biaya transfer antar bank karena hanya disediakan pembayaran melalui permata, kalau anak lebih dr 1 tentu memberatkan. Masih lebih baik aplikasi yang lama tagihan jadi 1, biaya admin hanya kena 1 kali pembayaran, ada opsi VA bank lainnya ', '2019-08-16 03:11:27', '0', 'ACTIVE'),
('198', '19417', '6', 'data murid kosong, cara prmbayaran spp bln agustus 2019 gmn ?', '2019-08-16 03:46:47', '0', 'ACTIVE'),
('199', '9848', '6', 'saya mau menanyakan bagaimana masukin nis anak saya yg 1 lagi', '2019-08-16 05:37:19', '0', 'ACTIVE'),
('200', '7501', '5', 'ini adminnya pada makan gaji buta apa ya, banyak yang komentar kagak dibalas. Sekelas YPI Al-Azhar pelayanannya begini amat.', '2019-08-16 08:56:35', '0', 'ACTIVE'),
('201', '11197', '8', 'sepertinya al azhar kerjasama eksklusif dgn permatabank?permatasyariah?komplain jg ga ada tanggapan. sosialisasi jg ga ada. semua serba mendadak dan ribet cuma urusan bayar spp aja.', '2019-08-17 00:12:06', '0', 'INACTIVE'),
('202', '11197', '6', 'lelah', '2019-08-17 00:14:31', '0', 'ACTIVE'),
('203', '19449', '5', 'ni ada pembaruan kemana menu bayar spp nya,,?? udah daftar lagi salah pulaaa,,gimana cara lain bayar spp..? ada yg tau nggk??', '2019-08-17 01:14:10', '0', 'ACTIVE'),
('204', '535', '8', 'kok jadi gak bs sekali bayar untuk bbrp anak yah? pilihan pembayaran hanya permata.  selain biaya adm tiap tiap anak ditambah lagi biaya transfer antar bank. mau bayar spp kok makin susah yah. ', '2019-08-17 13:11:02', '0', 'ACTIVE'),
('205', '4421', '6', 'cara ganti pasword dmn', '2019-08-18 05:24:49', '0', 'ACTIVE'),
('206', '4421', '5', 'aplikasinya kurang friendly, bgtu login g langsung cuz cuz cuz ke menu2 utama', '2019-08-18 05:40:41', '0', 'ACTIVE'),
('207', '4421', '6', 'sy jg komplen perihal biaya krn ga bisa byr sekaligus. mstnya al azhar bs mnyampaikan ke permata bhw sebagai mitra tdk mngambil byk untung. krn selain dr charge, permata jg sdh mndapatkan byk keuntungan dr pngendapan dana spp.drpd untuk byr charge mndg untuk infak dll spt dulu. lagipula aplikasi krg', '2019-08-18 07:16:08', '0', 'ACTIVE'),
('208', '4421', '6', '...aplikasi kurang friendly kebykn iklan, yg primary mlh sulit dicari', '2019-08-18 07:17:24', '0', 'ACTIVE'),
('209', '4581', '6', 'aplikasinya tidak user friendly terlalu banyak pop up advertising. mohon dielaborasi fungsi dr salam al azhar ini untuk apa? ', '2019-08-18 08:22:55', '0', 'ACTIVE'),
('210', '8192', '7', 'waduh ribet banget aplikasi yg sekarang', '2019-08-19 01:18:09', '0', 'INACTIVE'),
('211', '3836', '6', 'aplikasinya membingungkan', '2019-08-19 22:37:22', '0', 'ACTIVE'),
('212', '18090', '6', 'ini aplikasinya kebanyakan offline nya payah malah nyusahin kami ', '2019-08-20 00:40:36', '0', 'ACTIVE'),
('213', '11860', '8', 'saya melakukan pembayaran melalui ATM Permata tapi tetap dikenakan biaya admin pdhl rekening tujuan adl ke bank Permata. mohon klarifikasinya', '2019-08-20 06:10:42', '0', 'ACTIVE'),
('214', '4313', '7', 'sumpah ribet dan ga jelas, seharus nya dr menu itu langsung ada menu pembayaran spp dan ganti password', '2019-08-20 06:13:17', '0', 'INACTIVE'),
('215', '3578', '7', 'assalamualaikum..pak bu..saya sudah bayar SPP sampe bulan Desember tapi di aplikasi baru ini jadinya keterrangannya masih belom bayar SPP..mohon agar segera dipindahkan datanya. terimakasih ????', '2019-08-20 08:06:57', '0', 'ACTIVE'),
('216', '10533', '8', 'masih lebih baik sebelumnya...seharusnya Sekolah sekelas Al Azhar memberikan kemudahan bagi org tua dan murid...jangan terlalu komersil..pbyrn SPP seharusnya tidak dikenakan admin kecuali memang pby beda bank..tpi lebih baik jika difasilitasi pilihan rek bank yg lain ', '2019-08-20 21:37:49', '0', 'ACTIVE'),
('217', '10951', '8', 'Ini lah penguasa komplainsebanyak ini sama dan tidak ada tindaklanjutnya', '2019-08-21 01:58:26', '0', 'ACTIVE'),
('218', '4936', '5', 'sayang banget sekelas AA kok tdk pakai yg syariah, kena double administrasi jg ya', '2019-08-21 04:45:04', '0', 'ACTIVE'),
('219', '4936', '8', 'sekarang bayarnya hrs per anak...tdk ada perbaikan sistem pembayaran jadinya', '2019-08-21 04:48:43', '0', 'ACTIVE'),
('220', '19660', '8', 'Assalamualaikum Salam Al Azhar. Bagaimana cara menginput data anak saya? Anak saya sekolah di SDI Al Azhar 35 kelas 4 dan Kelas 1.', '2019-08-21 07:50:23', '0', 'ACTIVE'),
('221', '19660', '6', 'Assalamualaikum Salam Al Azhar. Bagaimana cara menginput data anak saya? Anak saya sekolah di SDI Al Azhar 35 kelas 4 dan Kelas 1.', '2019-08-21 07:57:08', '0', 'ACTIVE'),
('222', '19660', '6', 'Ini sih tdk mempermudah. Malah mempersulit.', '2019-08-21 07:59:09', '0', 'ACTIVE'),
('223', '3770', '5', 'ini adminnya kemana ya? kenapa hanya bank Permata? kemunduran ini mah namanya', '2019-08-21 09:28:34', '0', 'ACTIVE'),
('224', '846', '7', 'assalamualaikum.. Sampai hari ini di aplikasi masih ada tagihan , apakah proses migrasi datanya belum selesai?', '2019-08-21 23:23:40', '0', 'ACTIVE'),
('225', '7498', '6', 'assalamualaikum. data anak sdh keluar tp gmn caranya sy mau bayaran ya?', '2019-08-22 03:23:47', '0', 'ACTIVE'),
('226', '829', '8', 'virtual account BRI tolong diadakan lagi seperti aplikasi lama. lumayan biaya adminnya kalau transfer antar bank', '2019-08-23 02:00:15', '0', 'ACTIVE'),
('227', '19774', '6', 'aplikasi yg baru kurang user friendly', '2019-08-23 05:13:04', '0', 'ACTIVE'),
('228', '1647', '7', 'pertanyaan yg sama dengan ibu2 yg lain sudah selesai migrasi kah? karena 2 anak saya dibilang belum bayar tolong infonya thanks', '2019-08-23 10:22:40', '0', 'ACTIVE'),
('229', '4114', '5', 'sy punya anak di SD dan SMP, kalo dulu data bisa dgabung, yang sekarang si kakak belum kluar datanya...WA juga ga banyak mbantu...', '2019-08-23 21:30:49', '0', 'ACTIVE'),
('230', '7385', '8', 'aplikasinya msh lebih mudah yg lama. yg skrg tiap anak kena biaya admin, blom lagi tranfer antar bank', '2019-08-24 02:05:33', '0', 'ACTIVE'),
('231', '7385', '8', 'percuma kita ksh masukan, krn tdk ada tanggapan', '2019-08-24 02:06:05', '0', 'ACTIVE'),
('232', '3691', '7', 'Bpk\" dan ibu\" untuk bisa lebih cepat bisa datang ke TU untuk info Salam Al Azhar', '2019-08-24 19:34:12', '0', 'ACTIVE'),
('233', '3691', '7', 'Alhamdullilah kemarin aku datang ke TU lansung bisa transaksi untuk 3 orang anak dengan 1 akun dan 1 pasword lsnsung bisa transaksi spp', '2019-08-24 19:37:58', '0', 'ACTIVE'),
('234', '19933', '6', 'saya lebih bayar tahun ajaran lalu, sampai sekarang belum clear, sdh.install aplikasi yh baru tp offline terus..gmn mau bayar aplikasinya payah', '2019-08-24 21:22:30', '0', 'ACTIVE'),
('235', '19933', '6', 'coba sosialisi dgn baik ke orang tua dulu..kalau begini bukan orang tua yg malas bayar tp al azhar sendiri yg mempersulit orang tua utk melakukan pembayaran', '2019-08-24 21:24:27', '0', 'ACTIVE'),
('236', '796', '8', 'pindah sekolah ..saja cari sekolah yg bayar ga ribet', '2019-08-24 21:44:18', '0', 'INACTIVE'),
('237', '18850', '8', 'sampai sekarang saya belum ngerti gimana cara bayar SPP yang dulu lebih mudah....yg sekarang banyak iklan...cari DUIT RECEHAN dari penggunaan kuato internet dgn aplikasi yg dipasang, ahkir nya saya coba2 regristrasi siswa baru saya pikir agar data base anak saya muncuk, yang ada malah kena 700 ribu ', '2019-08-24 23:46:00', '0', 'ACTIVE'),
('238', '18850', '8', 'pusing pala berby...aplikasinya...hingga sekarang saya belu baya sppnya...biar ada tagihan saja dan bayar manual', '2019-08-24 23:47:16', '0', 'ACTIVE'),
('239', '19929', '8', 'iya susah cara bayar sppnya...sampai saya salah registrasi anak saya masuk sebagai murid baru padahal anak saya sudah kelas 2 bukan murid baru/pindahan...jadinya ada tagihan 350 ribu...hahaha', '2019-08-25 00:25:57', '0', 'ACTIVE'),
('240', '19940', '8', 'kagak ngarti saya   maklum ortu gabtex mau bayar spp kangak ngarti  aduh.', '2019-08-25 00:47:46', '0', 'ACTIVE'),
('241', '11502', '8', 'susah banget bayar :( biasa bayar pake mandiri online, skrg ga bisa.. harusnya pilihan pembayaran melalui bank lain diperbanyak', '2019-08-25 05:35:35', '0', 'ACTIVE'),
('242', '19947', '6', 'ini cara mnggunakannya bgm ya? kok malah makin ribet. mau melakukan pmbayaran data anak sy ga nongol2 di aplikasi', '2019-08-25 06:06:13', '0', 'INACTIVE'),
('243', '9392', '7', 'kok opsinya SMP dj y buat SD.nya mana anak sy 2 yg SD g ada opsi SD.nya?!?', '2019-08-26 08:11:17', '0', 'ACTIVE'),
('244', '18498', '6', 'admin nya ada enggak ?', '2019-08-26 11:19:35', '0', 'ACTIVE'),
('245', '18498', '7', 'admin nya ada enggak ? mending enggak usah buat kolom komentar ', '2019-08-26 11:21:27', '0', 'ACTIVE'),
('246', '18498', '8', 'enggak ada admin , enggak jadi komen. makin lama Al-Azhar makin kacau', '2019-08-26 11:23:30', '0', 'ACTIVE'),
('247', '738', '6', 'total tagihan 0 melulu. giliran mau ujian nggak di kasih kartu. kirim wa juga nggak bisa masuk. hadeuh tambah ruwet', '2019-08-26 11:47:56', '0', 'ACTIVE'),
('248', '7765', '8', 'aplikasi sekarang jelek sekali, biaya nambah, tidak banyak pilihan bank. mohon pengambil kebijakan memperhatikanbsemua keluhan wali murid.', '2019-08-26 23:48:16', '0', 'INACTIVE'),
('249', '18155', '8', 'chat wa kacau, aplikasi gak bisa jalan di latar belakang, di sambil buka apl lain. apl mati, chat mati. masuk lagi mulai dari awal lagi, nanya masalah apa? #sabarrrr', '2019-08-27 02:11:47', '0', 'ACTIVE'),
('250', '2411', '8', 'Yaa Allah... kok jd ribet yaa.. bknnya dipermudah malah dipersulit, pake ada biaya admin pulaaa... Kalo sekolah Islam sdh komersil, dimana nilai dakwahnya??', '2019-08-27 02:54:08', '0', 'INACTIVE'),
('251', '2411', '8', 'kalo gak pake mobile banking sm internet bangking, mau bayar pake apa?? wesseeelll??? Wakakakakkak', '2019-08-27 03:03:52', '0', 'ACTIVE'),
('252', '6182', '8', 'systemnya kok malah ribet....mau simple malah bikin ortu jadi mikirrr', '2019-08-27 04:29:30', '0', 'INACTIVE'),
('253', '2010', '8', 'ditunggu fitur pembayaran lebih dari 1 anak dengan sekali transfer. dan fitur virtual account BCA atau Mandiri.', '2019-08-27 05:00:35', '0', 'ACTIVE'),
('254', '6182', '5', 'harusnya system membuat lebih mudah dan praktis..ttp malah bikin tambah pusing....ortu jadi ikut ribet..pembayaran sulitt....mohon dievaluasi...', '2019-08-27 11:01:59', '0', 'INACTIVE'),
('255', '9440', '8', 'tadinya mau bayar spp, gara gara bayarnya susah duitnya buat shopping aja deh....????????', '2019-08-28 00:58:37', '0', 'ACTIVE'),
('256', '7833', '6', 'bikin pusing aja....ini mau bayar spp , jd lieurrr', '2019-08-28 06:01:24', '0', 'ACTIVE'),
('257', '19127', '8', 'Pakai mobile banking gak bisa. Pakai internet banking gak bisa. Pakai di ATM juga gak bisa. Repot kalau harus ke permata. Tolong buat simple mudah. ', '2019-08-28 09:04:43', '0', 'ACTIVE'),
('258', '19127', '8', 'Pakai mobile banking gak bisa. Pakai internet banking gak bisa. Pakai di ATM juga gak bisa. Repot kalau harus ke permata. Tolong buat simple mudah. ', '2019-08-28 09:04:52', '0', 'ACTIVE'),
('259', '19127', '7', 'mau bayar spp susah bener. mbanking internet banking gak bisa masuk ke permata. apa ada cara lain ? komen banyak seperti ini kok gak ada tindak lanjut jawabannya ya. kalau belum siap pakai aplikasi yg lama saja.', '2019-08-28 09:47:19', '0', 'ACTIVE'),
('260', '2971', '8', 'assalamualaikum, saya doakan yang membuat keribetan ini dilapangkan kubur, diterima amal ibadahnya dan fee dari admin bank menjadi berkah untuk beliau2', '2019-08-28 12:02:36', '0', 'INACTIVE'),
('261', '19127', '6', 'Kenapa Manajemen memilih bekerjasama dengan bank syariah yang belum punya kode bank sendiri sehingga transfer antar bank tidak bisa dilakukan. Kan masih banyak bank syariah lain yang sudah punya kode bank sendiri.', '2019-08-28 21:14:28', '0', 'INACTIVE'),
('262', '1114', '6', 'Al Azhar malah memperibet ortu yg mau bayar spp', '2019-08-28 23:23:10', '0', 'INACTIVE'),
('263', '19873', '8', 'kaget saya...... kira\'in syariah bener,  ternyata masih ada admin bank dan ada juga admin charge al\'azhar.  2 anak dng 2x transaksi plus 2x charge bank and al\'azhar..... ', '2019-08-29 01:47:55', '0', 'ACTIVE'),
('264', '12619', '6', 'sy sudah login dengan info mobile dan pasword dari sekolah.  tetapi cuman ada datanama anak saya saja dan data yang lainnya belum ada.  termasuk data virtual account buat bayar spp.  kan jadi nggk enak ya terlambat bayar. ', '2019-08-29 08:04:50', '0', 'ACTIVE'),
('265', '1640', '7', 'Tolong ya sblm di launch aplikasinya dilakukan LIVE test dulu', '2019-08-29 11:43:15', '0', 'ACTIVE'),
('266', '4013', '7', 'kenapa untuk pembayaran harus ada double biaya ya: biaya admin dan biaya tranfer bank nya? ', '2019-08-29 21:52:48', '0', 'ACTIVE'),
('267', '20160', '5', 'ini mempersulit, anak saya sudah daftar ulang pas registrasi mau bayar SPP malah diminta bayar formulir. Lhooo kok mahal sekali? kalau tdk menggunanakan Apliksi inya Allah ga akan masuk Neraka kan?', '2019-08-30 21:16:40', '0', 'ACTIVE'),
('268', '8752', '6', 'Aduh ini aplikasi baru bukannya mempermudah malah mempersulit & terlalu komersil. Apps yg lama hanya kena admin 7500 berapapun anaknya. Bank pun bermacam-macam. Sekarang setiap anak kena charge 7500 belum biaya beda bank. Ini menambah cost lagi. Zaman sekarang kok ga efisien bgt sih. Buka aja lah ki', '2019-08-30 23:02:22', '0', 'ACTIVE'),
('269', '5190', '7', 'ini proses perpindahan data nya sampai kapan? lama banget.. ga beres beres', '2019-08-31 09:33:58', '0', 'ACTIVE'),
('270', '1503', '8', 'alhamdulillah krn Saya gajian via pertama jd tdk Ada kesulitan. tapi sbaiknya Bisa transfer lgsg lbh Dari 1 anak. tks', '2019-08-31 21:30:16', '0', 'ACTIVE'),
('271', '20198', '7', 'sebenarnya proses peralihan sistem ini bisa diatasi dgn tetap bisa menggunakan aplikas yg lama bgt yg baru siap yg lama pelan2 dinonaktifkan gak kyk skrg yg baru blm siap yg lama juga gak bisa dipake kelihatan tim it al azhar tdk siap dgn perubahan ini', '2019-09-01 03:49:33', '0', 'ACTIVE'),
('272', '6399', '6', 'kalau TU nya di masing masing ...mendingan bayar manual saja ke kasir..deh...', '2019-09-01 12:33:46', '0', 'ACTIVE'),
('273', '10876', '8', 'santai aja ibu2.. rejeki ini namanya, ga bisa melakukan pembayaran , yaa lumayan bisa dipake kebutuhan lainnya.. ', '2019-09-01 13:08:59', '0', 'ACTIVE'),
('274', '7306', '6', 'gmn mu byr spp mau mempermudah tapi malah mempersulit jadi terlambat byr SPPnya ', '2019-09-02 00:12:37', '0', 'ACTIVE'),
('275', '20210', '6', 'mohon bisa dipermudah tampilan applikasi ini khusus utk spp agar lebih muda dibaca dan dimengerti. tks', '2019-09-02 01:23:24', '0', 'ACTIVE'),
('276', '8022', '8', 'aplikasi baru ini harusnya lebih baik dari yg lama bukan malah lebih buruk', '2019-09-02 01:53:45', '0', 'ACTIVE'),
('277', '1862', '7', 'adminnya kok gak bales komentar? jadi selama pembayaran saya yg belum di verifikasi bulan lalu saya belum mau melaksanakan pembayaran bulan berikutnya.. noted', '2019-09-02 04:44:50', '0', 'ACTIVE'),
('278', '4333', '8', 'Saya mau bayaran SPP bulan September namun tidak bisa karena harus bayar SPP bulan agustus, sedangkan SPP bulan agustus sudah bayar menggunakan aplikasi lama.', '2019-09-02 22:59:46', '0', 'ACTIVE'),
('279', '19451', '6', 'coba tolong dibantu dipermudah bukan dipersulit hanya untuk pembayaran spp saja ribetnya banget banget', '2019-09-03 02:50:13', '0', 'INACTIVE'),
('280', '11470', '8', 'sebaiknya bisa transfer utk lebih 1 anak..dua kali kerja dan biaya trfnya jadi double..salam alazhar sebelumnya malah bisa looh..ini kemunduran menurut saya', '2019-09-03 11:34:52', '0', 'ACTIVE'),
('281', '10870', '8', 'biaya admin kena 11 Rb beda bank... bener bener deh', '2019-09-03 20:05:13', '0', 'ACTIVE'),
('282', '12013', '6', 'hadeuh...katanya sekolah elit tapi bayar SPP bertele tele...di sekolahan anak saya yang lain hanya dikasih virtual acoount kita bisa tranfer antar bank. Coba bikin yg simple sekarang kan sdh canggih.', '2019-09-03 22:15:34', '0', 'ACTIVE'),
('283', '5321', '8', 'Tolong agar satu akun bisa untuk beberapa anak. Biaya admin luar biasa. mohon agar bisa virtual account bank lain juga. lumayan biayanya lebih baik untuk sodaqoh. ', '2019-09-03 23:08:08', '0', 'ACTIVE'),
('284', '2940', '7', 'afwan.. proses migrasinya kenapa lama ya belum selesai jg.. saya jd blm bisa byr yg bln September krn masih ada tagihan yg blm agustus ( Sudah bayar dg aplikasi yg lama). Apakah ada solusi lain selain menunggu? ', '2019-09-04 03:21:46', '0', 'ACTIVE'),
('285', '20255', '6', 'sudah samapai point 7. tapi ngak bisa jg bayar Sppdnya pak', '2019-09-04 04:02:51', '0', 'ACTIVE'),
('286', '18066', '8', 'ngga bisa bayar lewat m banking????????', '2019-09-04 04:43:24', '0', 'ACTIVE'),
('287', '5026', '8', 'ko ga bisa lewat mobile banking ya?? opsi nya cm ada bbrp via atm,,,ga praktis', '2019-09-04 04:55:22', '0', 'ACTIVE'),
('288', '20320', '6', 'sangat suliitt', '2019-09-04 07:28:31', '0', 'ACTIVE'),
('289', '10326', '7', 'untuk bantuan dan pertanyaan langsung ke admin tata usaha masing2 bapak/ibu insya Allah lebih jelas jawabannya...', '2019-09-04 09:58:47', '0', 'ACTIVE'),
('290', '315', '8', 'Yth Bapak/Ibu Aplikasi ini lebih simple dan lebih mudah dr sebelumnya, Karen belum familiar dan belum tau tata caranya terkesan ribet, untuk bantuan informasi dan tata cara bisa hubungi tata usaha masing2 unit insya Allah dpt diselesaikan dgn baik. Trima kasih', '2019-09-04 10:21:11', '0', 'ACTIVE'),
('291', '315', '8', 'transfer bisa pakai MBanking menu Transfer ANTAR BANK ditujukan ke bank permata kode 013. info detail dpt mengubungi tata usaha di unit masing2. salam sukses selalu...', '2019-09-04 10:23:26', '0', 'ACTIVE'),
('292', '315', '6', 'Yth Bapak/Ibu Aplikasi ini lebih simple dan lebih mudah dr sebelumnya, Karena belum familiar dan belum tau tata caranya terkesan ribet, untuk bantuan informasi dan tata cara bisa hubungi tata usaha masing2 unit insya Allah dpt diselesaikan dgn baik. Trima kasih. Salam sukses selalu... ', '2019-09-04 10:24:35', '0', 'ACTIVE'),
('293', '315', '7', 'Yth Bapak/Ibu Aplikasi ini lebih simple dan lebih mudah dr sebelumnya, Karena belum familiar dan belum tau tata caranya terkesan ribet, untuk bantuan informasi dan tata cara bisa hubungi tata usaha masing2 unit insya Allah dpt diselesaikan dgn baik. Trima kasih. Salam sukses selalu... ', '2019-09-04 10:25:46', '0', 'ACTIVE'),
('294', '1647', '6', 'bedanya dengan yg lama lebih mudah aplikasi ini dan pembayaran sudah terupload otomatis ???? ', '2019-09-04 20:29:01', '0', 'ACTIVE'),
('295', '6663', '6', 'tidak ada komentar dr sekolah?', '2019-09-04 23:02:43', '0', 'ACTIVE'),
('296', '20337', '8', 'klo bisa Al Azhar banyak buka rekening Al Bank.Mandiri , BNI  dan BRI shg kami TDK.kena biaya admin 2X  ', '2019-09-04 23:51:29', '0', 'ACTIVE'),
('297', '6613', '6', 'anak saya belum semua terregister..bgm blm bisa bayar', '2019-09-05 04:07:53', '0', 'ACTIVE'),
('298', '995', '8', 'VA BCA ga ada ???', '2019-09-05 06:49:08', '0', 'ACTIVE'),
('299', '3641', '6', 'anak saya yg sdh pindah kok msh terdaftar aktif', '2019-09-06 01:09:57', '0', 'ACTIVE'),
('300', '3134', '8', 'kenapa dikenakan biaya admin 2x? lalu anak ada 3 dan biaya admin satu satu... 1 anak kena biaya admin 15rb', '2019-09-06 01:48:58', '0', 'ACTIVE'),
('301', '3745', '8', 'Saya heran, kenapa bukan gambar bank permata yang ditampilkan. Kalau musti transfer ke Permata. sangkain ada vitual account BCA, ternyata tranfer. Saya sangat kecewa. Sistem lama bagi saya lebih baik. bisa transfer sekali untuk banyak anak. ', '2019-09-06 21:33:28', '0', 'ACTIVE'),
('302', '5761', '8', 'yth admin salam al azhar...mhn ditanggapi keluhan org tua murid... saya sdh kali bayar via bni syariah...tp gagal tapi saldo sdh terpotong. kenapa susah sekali mau bayar saja..', '2019-09-07 05:10:01', '0', 'ACTIVE'),
('303', '18845', '6', 'tidak bisa digunakan', '2019-09-07 08:32:40', '0', 'ACTIVE'),
('304', '9022', '8', 'Dulu ada peribahasa banyak anak banyak rejeki, kalo sekarang: banyak anak, banyak admin fee.. :) -ayo admin, sudah banyak keluhan kok masih belum ada perbaikan?', '2019-09-07 21:03:36', '0', 'ACTIVE'),
('305', '4094', '8', 'Ya Allah ampunilah dosa2 kami dan ampunilah dosa2 kedua orangtua kami, smoga ok pmbyrn spp sistem baru ini bisa mllui atm bca,atau atm mandiri,klo mllui mobile banking,banking online sy awam', '2019-09-08 00:41:13', '0', 'ACTIVE'),
('306', '10693', '8', 'knp biaya adminnya dobel dobel ya ????', '2019-09-08 02:47:12', '0', 'ACTIVE'),
('307', '11327', '8', 'Kemunduran nih. Angka SPP harus diinput lagi, biaya admin dikenakan per anak dan dua kali charge di Salam dan di Bank ????', '2019-09-08 10:51:06', '0', 'ACTIVE'),
('308', '722', '6', 'anak saya belum teregister...bagaimana ini mau bayaran', '2019-09-09 21:25:42', '0', 'ACTIVE'),
('309', '3620', '8', 'Kalau gak bisa bikin aplikasi baru, ya mending gak usah drpd nyusahin banyak orang.. Al Azhar pasti paham, nyusahin orang itu dosa dunia akhirat loh', '2019-09-09 22:12:23', '0', 'ACTIVE'),
('310', '20467', '8', 'mbanking atm gak bisa bayar? ', '2019-09-10 03:05:10', '0', 'ACTIVE'),
('311', '11197', '9', 'mo bayar dr mana aja tetep kena biaya admin dobel krn ga ada opsi bank lain. cuma ada salam permata ???? . tambahkan dong opsi bank lain jd bisa virtual account dr bank2 berbeda seperti di aplikasi sebelumnya', '2019-09-10 03:20:16', '0', 'ACTIVE'),
('312', '11938', '8', 'Sudah saya coba berkali2 selalu gagal. Kenapaya? ', '2019-09-10 06:34:49', '0', 'ACTIVE'),
('313', '8181', '6', 'asslmkm..pak sy masih kesulitan utk login', '2019-09-10 07:06:19', '0', 'ACTIVE'),
('314', '995', '6', 'Saya ga bisa bayar ini.. Anak Saya tidak terdaftar.. Bulan sebelumnya tidak ada masalah..', '2019-09-10 11:38:25', '0', 'ACTIVE'),
('315', '10244', '8', 'Koq ribet pembayarannya... dari kemarin coba bayar SPP 2 anak nggak bisa2 ke Permata Bank.... opsi bank lain nggak ada, tanya kenapa ini Al Alzhar ??', '2019-09-10 12:02:16', '0', 'INACTIVE'),
('316', '20502', '8', 'iya anak sy kembar', '2019-09-11 02:53:12', '0', 'ACTIVE'),
('317', '4142', '8', 'saya masih ga bisa melakukan pembayaran melalui ibanking BCA. Sebaiknya aplikasi ini terutama masalah pembayaran dikaji kembali dan diberikan solusi secepatnya. Saya tidak pernah bermasalah dengan aplikasi sebelumnya. Sebaiknya Alazhar introspeksi diri. ', '2019-09-11 04:28:12', '0', 'ACTIVE'),
('318', '4142', '10', 'saya barusan melakukan pembayaran untuk bulan september, okt, nov dan des 2019melalui ibanking bca tetapi masih kena biaya admin 7500 dari aplikasi+ 3500 karena dari bca ke permata. Bebas biaya admin yg dimaksud bagaimana? kemudian di histori pembayaran mengapa masih ditagihkan yaa? Diaplikasi lama ', '2019-09-11 04:52:56', '0', 'ACTIVE'),
('319', '4142', '10', 'Diaplikasi lama biasanya yang sudah terbayar otamatis tercoret sehingga kita otm tidak double payment', '2019-09-11 04:53:58', '0', 'ACTIVE'),
('320', '4142', '10', 'Sebaiknya aplikasi di tinjau ulang dan diberikan solusi secepatnya', '2019-09-11 04:56:44', '0', 'ACTIVE'),
('321', '4142', '10', 'saya cek sudah terupdate di history pembayaran. terimakasih. hanya biaya admin masih belum gratis seperti yg diinfo.', '2019-09-11 05:02:21', '0', 'ACTIVE'),
('322', '8274', '10', 'saya Agustus SUDAH BAYAR. tp masih ditagihkan', '2019-09-11 10:25:43', '0', 'ACTIVE'),
('323', '8274', '10', 'waktu mau bayar bulan september.. yg agustus ketagih lagi. Jadi sy bayar agustusnya 2 KALI ????????????????????????????????????????????????????????', '2019-09-11 10:41:19', '0', 'ACTIVE'),
('324', '3650', '7', 'Anak sy dua duanya datanya belum update.. sudah datang ke TU tapi tetep tidak bs krn ktnya menunggu migrasi datanya.. tolong hal ini jadi perhatian agar jika ganti vendor atau aplikasi lebih diperhatikan lagi hal terkait pembayaran.. terima kasih. ', '2019-09-11 12:13:55', '0', 'ACTIVE'),
('325', '4542', '8', 'sdh 2 bln saya tdk byr spp..ini lebih sulit dari aplikasi sebelumnya', '2019-09-11 19:20:44', '0', 'ACTIVE'),
('326', '3831', '8', 'gampang dan mudah saja pembayaran lewat mobile banking, cuman utk nilai tagihannya kalau bisa dibuatkan bisa di copy juga seperti no  VA, biar ga salah dan repot bolak balik buka tutul aplikasi utk  menulis nilainya di aplikasi mobile banking.', '2019-09-11 21:43:25', '0', 'ACTIVE'),
('327', '3831', '8', 'caranya ikutin aja petunjuk diatas, sudah jelas dan gampang. justru lebih mudah dibanding kan aplikasi sebelumnya, dari tampilan menu sudah lebih mudah di pahami, saya baru instal dan bisa langsung bayar dgn mudah.', '2019-09-11 21:47:52', '0', 'ACTIVE'),
('328', '10381', '6', 'baru bisa login... utk 2 anak di al azhar harus daftar 2 kali login atau bisa sekalian ya', '2019-09-11 22:29:42', '0', 'ACTIVE'),
('329', '4299', '9', 'kenapa ya hrs dibebani biaya administrasi di bank permata? aplikasi sblmnya tdk ada. jadi sekarang kena biaya admin double, di bank penerima dan transfer antar bank.mohon dipertimbangkan utk dihapus biaya admin d bank permata.. nilai tdk seberapa tp rasanya saya diperas bank jd tdk ikhlas...', '2019-09-12 00:18:47', '0', 'ACTIVE'),
('330', '10808', '9', 'Maaf, kalau bisa dibuka juga rekening pembayaran di bank mandiri, jadi tidak dibebani dengan biaya transfer. Tks.', '2019-09-12 01:57:34', '0', 'ACTIVE'),
('331', '2556', '10', 'kalau bayar peserta didik >1 gmn cara gabungnya?', '2019-09-12 02:01:28', '0', 'ACTIVE'),
('332', '19564', '6', 'saya belum berhasil buat bayar spp nih ... ', '2019-09-12 02:19:26', '0', 'ACTIVE'),
('333', '10848', '8', 'kok susah ya pake aplikasi baru ini? lebih gampang aplikasi sebelumnya. tiap bank ada no virtual account masing-masing. sdh 2bln sy tdk bs bayar krn aplikasi nya ribet.', '2019-09-12 08:39:40', '0', 'INACTIVE'),
('334', '10848', '7', 'ini knp aplikasi nya jd menghambat walimurid utk bayar spp ya? anak sy 2 jd hrs kena biaya admin 2x. knp tdk sekalian jd 1 aja tagihan nya,sprti aplikasi yg lama? ', '2019-09-12 11:32:18', '0', 'ACTIVE'),
('335', '10848', '7', 'aplikasi nya kok jd ribet gini ya? mau bayar spp susah bener?? ', '2019-09-12 11:32:44', '0', 'INACTIVE'),
('336', '20580', '9', 'menu untuk mendapatkan vurtual account dan nominal bayarannya di sebelah mana ya?', '2019-09-12 22:06:45', '0', 'ACTIVE'),
('337', '9851', '10', 'peserta didik lebih dari satu gimana cara gabungnya? harus di klik satu satu per anak ya', '2019-09-12 22:11:23', '0', 'ACTIVE'),
('338', '675', '9', 'Sebaiknya ada pilihan rekening Bank lain selain Bank Permata, misalnya BNI, Mandiri, BRI, BTN', '2019-09-13 02:44:43', '0', 'ACTIVE'),
('339', '2626', '8', 'gampang????', '2019-09-13 03:33:30', '0', 'ACTIVE'),
('340', '20596', '6', 'otm andhika rifa aradhana blm bisa bayar bulan ini..sulit login ', '2019-09-13 09:19:20', '0', 'ACTIVE'),
('341', '8787', '10', 'masih kena biaya admin kok ini????????????', '2019-09-13 10:14:52', '0', 'ACTIVE'),
('342', '7561', '9', 'tiap tahun ganti bank? tahun depan brubah bank lagi? 2 anak saya dialazhar dari TK sampe SMP.. skrg tinggal 1 yg masih di Alsen kelas 8.. penderitaan ribet urusan pembayaran msh 1,5 tahun lg ', '2019-09-13 12:17:12', '0', 'INACTIVE'),
('343', '20610', '7', 'Ada yg bisa menjelaskan cara mendapatkan virtual account', '2019-09-14 01:57:49', '0', 'ACTIVE'),
('344', '20610', '8', 'bagaimana cara mendapatkan virtual account', '2019-09-14 02:03:10', '0', 'ACTIVE'),
('345', '20609', '8', 'wah gimana ini susah banget, banyak keluhan nggak ada tanggapan ????', '2019-09-14 05:04:40', '0', 'ACTIVE'),
('346', '20624', '8', 'mohon bantuannya saya kendala mendapatkan VA nya', '2019-09-14 22:09:49', '0', 'ACTIVE'),
('347', '18673', '9', 'biaya transfer antar bank 7.500 x jumlah wali murid yg ndak punya rekening permata..x 12 bulan... nominalnya akan lebih berharga apabila diberikan kpd badan amal.     ', '2019-09-15 12:27:35', '0', 'ACTIVE'),
('348', '315', '10', 'Kami sudah punya bukti BEBAS BiAYA ADMIN untuk yg punya 2 anak di Al Azhar pusat dan cabang YPI Al Azhar (bukan Al Azhar Mitra /Yayasan kerjasama) dg satu akun satu nomor HP yg sama, (sibling) pembayaran pertama kena admin 7.500 pembayaran anak kedua bebas admin sesuat persyaratnya bayar di bulan yg', '2019-09-15 19:17:07', '0', 'ACTIVE'),
('349', '315', '10', '.* sesuai persyaratan bayar di bulan yg sama... ', '2019-09-15 19:19:07', '0', 'ACTIVE'),
('350', '315', '10', 'Cara gabung peserta didik lebih dr 1 harus sama nomor HP yg terdaftar, jika ada perbedaan nomor HP dalam kedua anak atau lebih, agar datang ke tata usaha untuk minta direvisi nomor HP yg berbeda menjada sama... semoga dpt membantu info sy ini... ', '2019-09-15 19:22:56', '0', 'ACTIVE'),
('351', '315', '10', 'Bagi yg sudah bayar di aplikasi salam lama masih tertagih Krn migrasi data belum selesai, solusinya agar disampaikan ke tata usaha masing2 disertai bukti pembayarannya  untuk dibantu komunikasikan dg team salam agar tagihan yg sudah dibayarakan ke salam lama direvisi/dihapus...', '2019-09-15 19:26:54', '0', 'ACTIVE'),
('352', '315', '8', 'Sy bantu jawab ya bapak/ibu, jika ada permasalahan tidak bisa login dan bagaimana caranya untuk mendapatkan VA dpt menghubungi tata usaha masing2 sekolah putra/putri bapak/ibu, insya Allah dpt diselesaikan dg baik, karena aplikasi ini jauhblebih mudah dr sebelumnya, namun Krn belum familiar dan tida', '2019-09-15 19:36:03', '0', 'ACTIVE'),
('353', '315', '8', 'tidak mengikuti petunjuk dan tidak menghubungi tata usahanya jd masih ada yg belum bisa menggunakannya....', '2019-09-15 19:37:43', '0', 'ACTIVE'),
('354', '315', '7', 'Untuk mendapatkan Virtual Account : 1. Download Aplikasi Salam Al Azhar terbaru, kedua  login dg nomor HP dan password yg terdaftar (kalo tdk tau tanya ke tata usahanya) atau info detail hubungi tata usahanya... ', '2019-09-15 19:42:55', '0', 'ACTIVE'),
('355', '315', '7', 'Perlu diketahui Aplikasi Salam Al Azhar terbaru ini lebih mudah dan simple dr sebelumnya, jika tidak mengerti tata cara menggunakannya sbaiknya hubungi tata usahanya insya Allah beres.... ', '2019-09-15 19:45:34', '0', 'ACTIVE'),
('356', '315', '6', 'Yth Bapak/Ibu sy bantu jawab ya, jika ada yg kesulitan untuk login dan tata cara mendapatkan VA dan baguamana cara transfernya dpt menghungi tata usaha/datang ke sekolah, insya Allah bisa dibantu hingga tuntas... ', '2019-09-15 19:48:43', '0', 'ACTIVE'),
('357', '315', '9', 'Semoga lancar dan sukses selalu... Kelebihan Aplikasi Salam Al Azhar terbaru ini lebih mudah dan simple serta Virtual Accountnya tetap tdk berubah2 krn VA satu Bank Permata Syari\'ah .', '2019-09-15 19:56:01', '0', 'ACTIVE'),
('358', '315', '8', 'Alhamdulillah smoga dg adanya Cara Pembayaran melalui MBanking BCA dan Internet Banking BCA ini, akan semakin lancar dan sukses. Aamiin YRA ', '2019-09-15 20:00:30', '0', 'ACTIVE'),
('359', '315', '9', 'Jika ingin membayar bulan berikutnya harus login dulu dan ceklis bulan yg mau dibayarkan (mengisi donasi masjid sukatela/seikhlasnya) tahap ahir akan muncul Total Tagihan dan VA yg sama dg sebelumnya. ', '2019-09-15 20:12:11', '0', 'ACTIVE'),
('360', '12315', '7', 'Sampai sekarang saya belum bisa membayar spp bln September. karena pembayaran bulan Agustus di aplikasi masih belum tercentang. Mohon petunjuknya ....', '2019-09-15 20:26:07', '0', 'ACTIVE'),
('361', '315', '7', 'Sekedar bantu info, bagi yang sudah membayar SPP Agustus di bulan Juli via Aplikasi Salam Al Azhar yg lama dan bulan Agustus masih muncul itu Krn migrasi data belum selesai, solusinya mohon ditunggu atau dpt menghungi tata usahanya...', '2019-09-15 20:48:39', '0', 'ACTIVE'),
('362', '12318', '10', 'Memprihatinkan Al Azhar menyediakan rekanan yg kualitas pelayanan menurun dari rekanan ke rekanan selanjutnya. Dulu sudah bisa bayar pake Mandiri netbanking cukup masukkan NIS kemudian menurun saat diganti BTN syariah, menurun lagi dengan tagihan tambahan dari DOKU, sekarang paling buruk karena tiap', '2019-09-16 07:08:31', '0', 'ACTIVE'),
('363', '12318', '10', 'tiap siswa 1 VA masih ditambah biaya administrasi & transfer antar bank. Apa yg mau dicari Al Azhar dgn pelayanan yg semakin memburuk? ', '2019-09-16 07:10:18', '0', 'ACTIVE'),
('364', '12318', '9', 'sudah banyak keluhan tapi penanganan lambat, apa harus ada gerakan boikot bayar dulu supaya berbagai keluhan ini ditangani? ', '2019-09-16 07:27:55', '0', 'ACTIVE'),
('365', '20643', '6', 'gmna nih saya gabisa bayaran pihak sekolah nya gajelas', '2019-09-16 11:09:22', '0', 'ACTIVE'),
('366', '2556', '10', 'untuk anak >1, adm 7500 1x saja, adm antar bank tetap per anak. jika bs digabung spt salam versi lama bs lbh hemat adm antar bank nya ', '2019-09-18 00:14:38', '0', 'ACTIVE'),
('367', '7777', '9', 'pake BRI Internet banking ga bisa ya?', '2019-09-18 01:13:55', '0', 'ACTIVE'),
('368', '19389', '8', 'nggak bisa bayar2 spp gmn', '2019-09-18 05:38:43', '0', 'ACTIVE'),
('369', '11862', '8', 'biaya adminnya masih double double, apakah perlu dikenakan biaya admin.', '2019-09-18 07:24:08', '0', 'ACTIVE'),
('370', '20717', '6', 'bagaimana caranya memasukan nama siswa yg sudah aktif karena pilihanyg ada hanya pendaftaran siswa baru sementara anak saya sudah kelas 5 SD ', '2019-09-18 21:03:20', '0', 'ACTIVE'),
('371', '11617', '6', 'Ribettt !!!', '2019-09-19 00:42:02', '0', 'ACTIVE'),
('372', '10127', '8', 'Dana admin nya kok double? saya bayar lewat bca dipotong admin, lalu masukin dana transfer juga harus dimasukan nilai adminnya juga...  ', '2019-09-19 01:58:38', '0', 'ACTIVE'),
('373', '9587', '6', 'anak saya yg terdaftar hanya yg baru masuk smp, utk yg kelas 9 tidak datanya dan tidak ada cara menambahkan nama anaknya. bagaimana ini?? ', '2019-09-19 03:40:45', '0', 'ACTIVE'),
('374', '19836', '9', 'nomor virtual account yg mana ya', '2019-09-19 06:04:27', '0', 'ACTIVE'),
('375', '12206', '10', 'Transfer via Ovo FREE BEBAS biaya transfer antar bank. Mantap Salam Al Azhar ????????????', '2019-09-19 07:40:44', '0', 'ACTIVE'),
('376', '12206', '10', 'Transfer via Ovo FREE BEBAS biaya transfer antar bank. Mantap Salam Al Azhar', '2019-09-19 07:42:26', '0', 'ACTIVE'),
('377', '2962', '10', 'biaya admin itu sebenernya utk apa ya? by transfer sdh kita yg menanggung', '2019-09-19 22:58:44', '0', 'ACTIVE'),
('378', '8282', '10', 'Biaya admin buat apa ya? kena admin kena transfer', '2019-09-20 10:56:57', '0', 'ACTIVE'),
('379', '8282', '9', 'Bayar biaya admin aplikasi dan bank bisa ga dihilangkan saja', '2019-09-20 11:00:11', '0', 'ACTIVE'),
('380', '6096', '10', 'Cuma karena ada biaya admin pengelola aplikasi dan admin transfer antar bank, pandangan ke al azhar negatif sekali, subhanallah... maju terus Al Azhar, salam sukses selalu...', '2019-09-21 20:04:47', '0', 'ACTIVE'),
('381', '20799', '6', 'bantu jawab @sissy kasim, untuk pengabungan/menambahkan nama anak menjadi satu akun nomor hp untuk login harus sama, jika beda minta direvisi ke tata usahanya... ', '2019-09-21 20:18:24', '0', 'ACTIVE'),
('382', '20799', '6', '@pak Suryo Sugianto: kalobtidak muncul nama anaknya berarti beda nomor hp yg terdaftar dr data sekolah, untuk yg mengetahui nomor hp yg terdaftar di sekolah dpt ditanyakan ke tata usahanya... ', '2019-09-21 20:24:32', '0', 'ACTIVE'),
('383', '20799', '10', 'Mantap maju terus Al Azhar.... ', '2019-09-21 20:30:36', '0', 'ACTIVE'),
('384', '20799', '9', 'Mantap maju terus Al Azhar, salam sukses selalu...', '2019-09-21 20:35:24', '0', 'ACTIVE'),
('385', '20799', '8', 'Bantu jawab @Moh Nizar Zahro : jika ada kendala hubungi saja admin tata usaha sekolahnya...', '2019-09-21 20:42:11', '0', 'ACTIVE'),
('386', '9547', '7', 'tanya dong, boleh info nomor rekening Altaz di bank permata utk byr SPP?', '2019-09-21 21:28:46', '0', 'ACTIVE'),
('387', '20564', '8', ' assalamualaikum, saya tdk bisa melakukan pembayaran. gagal terus, pdhl sudah mengikuti tata cara pembaran dan no VA benar', '2019-09-22 15:22:55', '0', 'ACTIVE'),
('388', '11035', '7', 'Sampai sekarang masih belum bisa bayar SPP Bulan September dan sudah benerapa kali datang ke kantor pengelola salam al azhar tapi belum ada perkembangan', '2019-09-23 23:15:01', '0', 'ACTIVE'),
('389', '11860', '10', 'mohon maaf, knp masih ada biaya admin, pembayaran di bulan yg sama. dari bank jg sdh ada biaya nya. ', '2019-09-25 10:23:58', '0', 'ACTIVE'),
('390', '3614', '10', 'barusan saya bayar bulan oktober.. dan tetap kena biaya admin.. jadi 13000 rb deh', '2019-09-25 22:04:28', '0', 'ACTIVE'),
('391', '10671', '7', 'bagaimana caranya jika kita ingin membayar lbh dari 1 bln..? ', '2019-09-26 21:28:54', '0', 'ACTIVE'),
('392', '19414', '8', 'pakai klik bca no rek tujuannya brp ya', '2019-09-27 01:45:24', '0', 'ACTIVE'),
('393', '11551', '8', 'sampao kemarin belu bisa lewat mbanking, selalu gagal', '2019-09-27 19:17:43', '0', 'ACTIVE'),
('394', '9213', '10', 'maksudnya..gmn ya? saya ada 2 anak 1 KB 1 SD tp kmrn 2bln pembayaran kena biaya terus', '2019-09-28 06:36:13', '0', 'ACTIVE'),
('395', '2010', '8', 'cara mengisi data rekening tujuannya mana? informasi kurang lengkap.', '2019-09-30 02:33:26', '0', 'ACTIVE'),
('396', '1933', '6', 'setelah isi data pribadi ga da tombol simpan', '2019-09-30 09:44:19', '0', 'ACTIVE'),
('397', '5159', '10', 'saya selalu melakukan pembayaran di bulan yg sama tetapi.masih kena admin.yg 7500 kenapa yah?', '2019-10-02 07:13:41', '0', 'ACTIVE'),
('398', '1752', '9', 'saya akan membayar spp bln oktober 2019 via mandiri online. saya sudah ikuti prosedurnya. setiap selesai memasukan nomor pin selalu disebutkan \"system is curently unavailable\". itu maksudnya apa ya? kenapa mau bayar spp jadi sulit? ', '2019-10-02 09:15:28', '0', 'ACTIVE'),
('399', '10876', '10', 'apa cuma di hp sy, aplikasi salam al Azhar ini log out sendiri, capek log in terus ', '2019-10-02 14:22:55', '0', 'ACTIVE'),
('400', '2597', '10', 'saya punya 3 anak dg 2 akun.. bisa tolong disatukan dan, sesuai ketentuan diatas, agr dijadikan 1 kali biaya admin. sy hrs hubungi kmn + ', '2019-10-03 00:40:03', '0', 'ACTIVE'),
('401', '1578', '10', 'Dear Admin, saya masih dikenakan biaya admin walaupun membayar yang sekolah untuk anak untuk bulan yang sama.', '2019-10-03 09:50:00', '0', 'ACTIVE'),
('402', '4381', '10', 'kabar bgs ini...syg udg byr spp kk adik 2 bln ', '2019-10-03 21:07:50', '0', 'ACTIVE'),
('403', '4381', '10', 'tuk bni m banking blum bs yy', '2019-10-03 21:08:38', '0', 'ACTIVE'),
('404', '4381', '10', 'sy coba mo byr spp...msh ada tertulis biaya admin ny....jd bgmn dung yy ', '2019-10-03 21:14:04', '0', 'ACTIVE'),
('405', '4381', '10', 'assalamualaikum admin...ini free biaya mulai bln apa yy...ak udh byr spp agust, sept, di bln sept...lalu oktober, baru aja...msh kena biaya admin...secara syarat no. 1..ak iy..syarat no. 2..jg iy, selalu bareng...mohon info terimakasih', '2019-10-04 03:12:35', '0', 'ACTIVE'),
('406', '706', '10', 'saya kok gak free admin', '2019-10-04 19:21:59', '0', 'ACTIVE'),
('407', '8683', '10', 'klo anaknya cuma punya satu, selamanya donk biaya admin ini harus dibayarkan..biaya itu keliatannya sedikit tp merugikan orang tua..', '2019-10-04 22:34:16', '0', 'ACTIVE'),
('408', '11638', '10', 'caranya bagaimana ? apakah tetap harus log out dulu satu per satu nama anak ? kalau di aplikasi salam yang lama kan langsung masukkan 2 nama anak utk 1 nomor VAa', '2019-10-05 04:09:24', '0', 'ACTIVE'),
('409', '1584', '1', 'penerimaan murid baru 2020/2021 untuk sd apakah sudah dibuka?', '2019-10-06 23:53:21', '0', 'ACTIVE'),
('410', '21086', '7', 'Bapak / Ibu kloa saya mau melanjutkan pembayaran bulan agustus 2019 sd seterusnya gmn caranya ? Mohon ajarkan menu bayar nya trims ', '2019-10-07 04:34:38', '0', 'ACTIVE'),
('411', '21086', '7', 'bapak dan ibu guru adm mohon ajarkam saya mengenai pembayaran selanjut nya menggunakan aplikasi ini ', '2019-10-07 04:35:45', '0', 'ACTIVE'),
('412', '4653', '10', 'Assalamualaikum mohon penjelasan terkait bebas biaya adm, kebetulan sama memiliki 2 orang anak yg sekolah di Al Azhar, barusan melakukan pembayaran spp tetap ada biaya adm keduanya , jadi yg bebas adm dimana. makasih', '2019-10-07 04:39:55', '0', 'ACTIVE'),
('413', '4421', '10', 'Trks al azhar telah mendengar aspirasi ortu. Yg jls tdk akan merugikan al azhar kok', '2019-10-07 06:49:14', '0', 'ACTIVE'),
('414', '9697', '10', 'assalamualaikum td saya barusan membayar untuk oktober tapi masih kena biaya admin, kenapa bisa begitu ya Pak? ', '2019-10-07 09:37:09', '0', 'ACTIVE'),
('415', '19835', '10', 'pada bln agustus september sy bayar di bln september kena by adm agustus aj. sy bayar yg bln oktober pd bln yg sama kena admin padahal ktnya klw bln sama bebas by admin. berarti mending bayar tiap 2 bln sekali aj ya.', '2019-10-07 10:28:04', '0', 'ACTIVE'),
('416', '20167', '7', 'knp data murid di akun saya hilang semua?', '2019-10-09 06:37:50', '0', 'ACTIVE'),
('417', '1533', '10', 'sy ada 2 anak yg bersekolah di al azhar...namun msh dikenakan biaya admin, apakah harus melakukan permohonan terlebih dahulu atw bgmn ? terima ksh', '2019-10-10 10:55:36', '0', 'ACTIVE'),
('418', '7923', '10', '@admin sy sdh termsk ke dalam persyaratan utk free biaya admin tetapi di bln ketiga ini pembayaran spp msh terkena biaya admin. mhn tanggapannya.', '2019-10-10 22:10:58', '0', 'ACTIVE'),
('419', '11527', '10', 'assalamu\'alaikum... saya memiliki 3 anak sekolah di al azhar  dan sudah melakukan pembayaran spp untuk bulan oktober dan syarat untuk pembebasan biaya admin sudah kami penuhi... tapi biaya admin tetep tertagihkan dan tetep berbayar.. mohon petunjuknya bagaimana agar saya bebas biasa admin', '2019-10-13 18:57:11', '0', 'ACTIVE'),
('420', '21391', '14', 'Assalamualaikum,saya sudah daftar untuk anak saya di SD Alazhar 17 Bintaro dengan no reg 3033200011,selanjutnya diinformasikam untuk membayar biaya pendaftaran,saya belum mendapatkan informasi no reknya,boleh diinformasikan langkah2 apa saja yang harus saya lakukan setelah membayar biaya pendaftaran', '2019-10-15 07:50:53', '0', 'ACTIVE'),
('421', '7264', '9', 'ko sekarang mau bayar spp jd sulit yaa ga ky dl mudah????‍♀️????‍♀️ cb dong aplikasinya yg lebih mudah', '2019-10-20 11:13:55', '0', 'ACTIVE'),
('422', '21774', '9', 'assalamualaikum,  mhn petunjuk setelah isi  daftar murder baru, sy mau transfer , mhn minta mo rekeningnya ', '2019-10-27 21:13:28', '0', 'ACTIVE'),
('423', '1453', '9', 'Al Azhar... hati2 dg riba... biaya admin app plus biaya adm transfer antar bank... subhanallah... mau bayar kok kena biaya tambahannya byk sekali... jangan dukung sistem perbankan yang jadinya mengarah ke banyak mudharat (memberatkan OTM)', '2019-10-29 23:12:42', '0', 'ACTIVE'),
('424', '19118', '9', 'Al-Azhar masih main riba nih haduh...', '2019-10-31 20:04:31', '0', 'ACTIVE'),
('425', '10466', '14', 'mohon info lagi no Virtual Ac bank permata syariah', '2019-11-02 07:43:56', '0', 'ACTIVE'),
('426', '10533', '10', 'Anak saya dua2nya kok masi kena admin gmn y?', '2019-11-02 08:57:14', '0', 'ACTIVE'),
('427', '8896', '10', 'cara nya bagaimana? sya bayaran sampai ke bulan desember dan rencana mw dilunasin sampai akhir pelajaran tapi masih kena biaya admin blm lagi klo pakai m-bca kena cas juga. jadi double biaya admin. mohon petunjuk nya', '2019-11-04 09:01:12', '0', 'ACTIVE'),
('428', '21819', '3', 'Bagus acaranya', '2019-11-04 18:44:28', '0', 'ACTIVE'),
('429', '2537', '10', 'masih kena kokkk', '2019-11-05 06:19:19', '0', 'ACTIVE'),
('430', '5203', '10', 'Sy dua anak di sd al azhar, tagihannya masih beda masing2 anak masih kena biaya admin 7500. Mohon diperbaiki lagi sistemnya, transfer bisa satu tagihan dg 1x biaya admin', '2019-11-06 00:16:22', '0', 'ACTIVE'),
('431', '2010', '14', 'mohon panduan pembayaran lewat internet banking bca. karena selama ini hanya bisa transfer lewat ATM. cukup repot karena harus keluar rumah.', '2019-11-06 02:11:28', '0', 'ACTIVE'),
('432', '20694', '9', 'Assalamu\'alaikum warohmatulloh, semoga  Al Azhar semakin maju dan Barokallah, mohon dicari sulusi terbaik menuju jalan itu utk kita semua????', '2019-11-06 07:31:16', '0', 'ACTIVE'),
('433', '4230', '10', 'saya ada 2 anak di SD Alsen, sampai November 2019 tetap aja kena biaya admin dua-dua nya.... apa nanti ada rencana dikembalikan semua biaya admin itu agar sesuai pemberitahuan bebas biaya admin? 7.500 x berapa banyak orang jadinya banyak loh dananya, bagaimana pertanggungjawabannya', '2019-11-07 19:08:28', '0', 'ACTIVE'),
('434', '22132', '15', 'saya sudah mendaftar untuk PMB SMP Al Azhar 3 bintaro 2020-2021 cuma saya salah memilih kelasnya.. jika saya ingin merubah kelasnya gimana ya caranya', '2019-11-08 02:59:37', '0', 'ACTIVE'),
('435', '1808', '9', 'mendingan balik ke transfer bank langsung biar gak kena biaya admin 7500', '2019-11-08 08:43:04', '0', 'ACTIVE'),
('436', '4381', '10', 'ak ini kok masih kena yy', '2019-11-09 03:57:34', '0', 'ACTIVE'),
('437', '4381', '10', 'maksud dr point ke 2 itu apakah dibln yg sama dilakukan pembayaran tuk spp bln berikut ny gitu..???..misal awal bln okt byr spp okt, trus di akhir bln ny byr bln nov...tlng info ny dung...ak masih kena admin 7500...', '2019-11-09 04:00:52', '0', 'ACTIVE'),
('438', '3249', '9', 'ribet semenjak ganti aplikasi yg baru', '2019-11-09 12:46:45', '0', 'ACTIVE'),
('439', '1212', '9', 'pls banget saya mau bayar kok susah ya gaada muncul tampilan bayar spp gimana sih', '2019-11-10 10:21:08', '0', 'ACTIVE'),
('440', '2694', '10', 'otm masagus adlan alfariziki dan masagus athar alfarezka, bayar bulan okt, 2-2nya kena biaya admim, solusinya apa nih? ', '2019-11-11 04:59:17', '0', 'ACTIVE'),
('441', '22371', '15', 'saya sudah mendaftarkan anak saya untuk tk al azhar di palembang. apakah mesti daftar via aplikasi jg?', '2019-11-15 08:45:26', '0', 'ACTIVE'),
('442', '22596', '15', 'knpa saya tidak bisa daftar onlina ya??', '2019-11-20 02:43:47', '0', 'ACTIVE'),
('443', '22630', '15', 'Assalamualaikum... maaf saya sudah daftar via online untuk TK Alazhar Rawamangun ,tapi saya salah masukin tahun pelalajaran nya .mohon infonya langkah selanjut nya saya harus bagai mana? Terimakasih ', '2019-11-21 02:59:24', '0', 'ACTIVE'),
('444', '9769', '9', 'ribet ..back to basic aja lwt TU ga ada by transfer .. sekolah islam kok halalin RIBA .. ', '2019-11-26 00:35:08', '0', 'ACTIVE'),
('445', '6628', '9', 'aplikasinya rumit kualitas menurun dibanding sebelumnya, tidak bisa pakai kredit card dan bank lain jadi susah harus datang ke sekolah', '2019-11-26 20:00:07', '0', 'ACTIVE'),
('446', '6628', '9', 'semakin menurun kualitasnya karena pakai bank lain susah aplikasinya dan tidak bisa pakai kredit card????', '2019-11-26 20:04:16', '0', 'ACTIVE');

INSERT INTO `berita_like` (`id_user`, `id_berita`, `create_date`) VALUES ('1', '3', '2019-07-10 16:54:17'),
('1', '4', '2019-07-08 22:16:39'),
('315', '1', '2019-08-07 14:52:12'),
('315', '4', '2019-09-15 20:13:33'),
('315', '5', '2019-08-07 14:51:18'),
('315', '7', '2019-09-15 20:04:36'),
('315', '8', '2019-09-15 20:04:30'),
('315', '9', '2019-10-16 23:37:43'),
('315', '10', '2019-09-15 20:04:26'),
('358', '10', '2019-09-15 19:04:57'),
('510', '1', '2019-07-30 04:12:46'),
('515', '5', '2019-08-03 11:11:49'),
('515', '6', '2019-08-23 10:27:52'),
('687', '3', '2019-07-29 22:37:26'),
('706', '10', '2019-10-05 20:24:27'),
('774', '3', '2019-09-02 00:18:14'),
('905', '10', '2019-09-30 22:36:15'),
('1115', '3', '2019-08-30 09:21:24'),
('1132', '10', '2019-10-02 09:58:42'),
('1160', '10', '2019-10-10 10:38:09'),
('1225', '8', '2019-09-10 23:46:21'),
('1288', '1', '2019-07-31 00:03:40'),
('2010', '14', '2019-11-06 02:11:47'),
('2496', '2', '2019-11-01 23:28:58'),
('2732', '14', '2019-11-13 08:37:00'),
('2848', '7', '2019-10-13 22:45:04'),
('3147', '10', '2019-09-18 22:08:41'),
('3189', '10', '2019-10-14 09:17:07'),
('3571', '3', '2019-09-02 23:10:53'),
('3577', '10', '2019-09-29 08:39:35'),
('3591', '7', '2019-08-14 09:19:24'),
('4022', '7', '2019-10-01 19:49:11'),
('4030', '8', '2019-09-11 22:22:39'),
('4333', '10', '2019-10-02 21:42:57'),
('4336', '7', '2019-08-27 21:54:53'),
('4381', '10', '2019-10-03 21:08:07'),
('4421', '10', '2019-10-07 06:48:07'),
('5224', '8', '2019-09-05 23:27:14'),
('5268', '7', '2019-09-01 22:03:03'),
('5665', '2', '2019-11-05 03:38:03'),
('5787', '10', '2019-09-27 20:09:55'),
('6093', '10', '2019-10-16 23:33:40'),
('6658', '12', '2019-10-10 22:10:22'),
('6909', '7', '2019-08-06 04:57:34'),
('7053', '10', '2019-10-03 21:47:03'),
('7077', '8', '2019-08-08 23:06:49'),
('7160', '1', '2019-08-02 09:03:04'),
('7187', '3', '2019-10-03 21:57:53'),
('8503', '10', '2019-10-01 21:49:13'),
('8517', '10', '2019-10-04 09:07:31'),
('8718', '5', '2019-08-02 22:07:49'),
('8841', '10', '2019-10-06 06:01:47'),
('9097', '6', '2019-08-24 10:11:14'),
('9118', '3', '2019-08-14 11:42:45'),
('9218', '10', '2019-09-11 22:52:26'),
('9272', '2', '2019-11-06 12:27:38'),
('9315', '2', '2019-08-08 02:20:17'),
('9315', '7', '2019-08-08 02:11:36'),
('9386', '10', '2019-10-09 03:11:16'),
('9398', '12', '2019-10-29 11:59:27'),
('9517', '3', '2019-08-09 07:02:57'),
('9544', '10', '2019-10-07 21:43:57'),
('10253', '7', '2019-08-15 01:51:56'),
('10253', '10', '2019-10-01 01:39:34'),
('10368', '2', '2019-10-03 08:01:45'),
('10557', '10', '2019-10-19 22:54:27'),
('10615', '10', '2019-10-03 20:50:44'),
('10729', '6', '2019-09-10 20:48:06'),
('10939', '10', '2019-09-29 01:41:49'),
('10946', '4', '2019-09-08 10:21:06'),
('11062', '10', '2019-10-02 02:59:25'),
('11315', '10', '2019-10-02 08:57:48'),
('11479', '7', '2019-10-03 01:20:23'),
('11507', '6', '2019-08-07 10:45:46'),
('11527', '10', '2019-10-13 18:57:29'),
('11647', '4', '2019-08-20 09:17:57'),
('11653', '7', '2019-09-11 10:06:45'),
('12206', '10', '2019-10-04 13:45:43'),
('18086', '1', '2019-08-02 00:15:20'),
('18519', '9', '2019-10-30 07:40:06'),
('18564', '10', '2019-09-29 04:28:08'),
('18598', '8', '2019-09-03 04:27:37'),
('18708', '7', '2019-10-05 04:33:59'),
('18768', '8', '2019-08-23 05:51:18'),
('18974', '6', '2019-08-08 04:57:27'),
('19593', '10', '2019-10-10 09:01:56'),
('19621', '9', '2019-09-27 23:42:10'),
('19693', '7', '2019-10-22 10:16:08'),
('19835', '10', '2019-10-07 10:23:37'),
('19921', '5', '2019-08-24 21:59:38'),
('20337', '3', '2019-09-04 23:52:32'),
('20399', '9', '2019-09-26 08:48:57'),
('20799', '7', '2019-09-21 20:53:38'),
('20799', '8', '2019-09-21 20:52:45'),
('20799', '9', '2019-09-21 20:52:28'),
('20799', '10', '2019-09-21 20:54:30'),
('20888', '9', '2019-09-28 01:27:40'),
('21045', '10', '2019-10-04 23:58:15'),
('21192', '12', '2019-10-09 12:48:27'),
('21446', '14', '2019-10-16 08:27:48'),
('21819', '4', '2019-11-04 18:43:53'),
('21819', '14', '2019-11-04 18:38:07'),
('22408', '1', '2019-11-16 08:27:44');

INSERT INTO `event` (`id`, `photo_url`, `video_url`, `judul`, `konten`, `event_mulai`, `event_selesai`, `waktu_terbit`, `waktu_berakhir`, `id_kategori`, `status`, `create_user`, `create_date`, `edit_user`, `edit_date`, `is_deleted`) VALUES ('1', 'https://alazhar-asset.oss-ap-southeast-5.aliyuncs.com/event/6qn5t.jpg', 'https://www.youtube.com/watch?v=EVVfj9V5hNQ', 'Kuliah Shubuh Prof.Dr. Jimly Ashidiqie, S.H. (Ahad, 1 Mei 2016)', '<p>alazhar.tv &ndash; Kegiatan Shalat Shubuh Berjamaah Pegawai YPI Al Azhar bersama Prof. Dr. H. Jimly Asshiddiqie, S.H. dengan Tema &ldquo;Berpolitik dalam Pandangan Islam&rdquo;, acara diselenggarakan di Masjid Agung Al Azhar, Ahad 1 Mei 2016 dan di hadiri oleh Jamaah Masjid Agung Al Azhar beserta Pegawai YPI Al Azhar.</p>', '2019-07-08 06:19:01', '2019-07-08 06:19:01', '2019-07-08 06:19:01', '2020-01-01 06:19:01', '2', 'ACTIVE', 'admin:1', '2019-07-08 20:20:28', 'admin:1', '2019-07-08 20:27:22', '0'),
('2', 'https://alazhar-asset.oss-ap-southeast-5.aliyuncs.com/event/zpjdk.jpg', 'https://www.youtube.com/watch?v=G-sjWl5LE_0', 'Ceramah QS Al Baqarah ayat 248 oleh Guru kita Prof. DR. H. Abdul Malik Karim Amrullah', '<p>Rekaman Ceramah QS Al Baqarah ayat 248 yang dibawakan oleh Guru kita Prof. DR. H. Abdul Malik Karim Amrullah (Hamka), semoga apa yang kita dengarkan memberikan manfaat untuk kita semua, aamiin..</p>', '2019-07-08 06:28:52', '2019-07-08 06:28:52', '2019-07-08 06:28:52', '2020-01-01 06:28:52', '2', 'ACTIVE', 'admin:1', '2019-07-08 20:29:53', 'admin:1', '2019-07-08 20:31:10', '0'),
('3', 'https://alazhar-asset.oss-ap-southeast-5.aliyuncs.com/event/wnm2p.jpg', 'https://www.youtube.com/watch?v=FQbwj368Vas', 'Ceramah Buya Hamka – Pegangan Hidup', '<p><span style=\"color: #0d0d0d; font-family: Roboto, Arial, sans-serif; white-space: pre-wrap;\">Uploaded by @deanwiza, Guruku yang aku belum pernah bersua dengannya melainkan hanya dari siaran RRI Jakarta, kaset-kaset, dan kitab-kitab tulisannya. Semoga Allah SWT mempertemukan aku dengannya kelak di akhirat dalam syurga. Amin.</span></p>', '2019-07-08 06:32:29', '2019-07-08 06:32:29', '2019-07-08 06:32:29', '2020-01-01 06:32:29', '2', 'ACTIVE', 'admin:1', '2019-07-08 20:33:40', NULL, NULL, '0'),
('4', 'https://alazhar-asset.oss-ap-southeast-5.aliyuncs.com/event/dombk.jpg', 'https://www.youtube.com/watch?v=oztSGDhZupE', 'Festival Seni FIS 2016 Spanyol SMAIA 4 KP', '<p>alazhar.tv &ndash; Penampilan Tari Saman SMA Islam Al Azhar 4 Kemang Pratama dalam Festival Seni Internasional ke 29 di Sierra Spanyol, 29 Juli -14 Agustus 2016. Festival ini menampilkan seniman di seluruh dunia tentang tari , musik dan seni tradisional.</p>', '2016-07-29 06:56:59', '2019-08-14 06:56:59', '2019-07-08 06:56:59', '2020-01-01 06:56:59', '1', 'ACTIVE', 'admin:1', '2019-07-08 20:58:10', NULL, NULL, '0'),
('5', 'https://alazhar-asset.oss-ap-southeast-5.aliyuncs.com/event/uwch7.jpeg', '', 'PMB Sekolah YPI Al Azhar Tahun Pelajaran 2020/2021', '<p>Telah dibuka Penerimaan Murid Baru sekolah Yayasan Pesantren Islam Al Azhar Tahun Pelajaran 2020/2021</p>', '2019-10-07 12:00:00', '2019-10-31 11:59:59', '2019-10-07 12:00:00', '2019-10-31 11:59:59', '1', 'ACTIVE', 'admin:53', '2019-10-07 14:57:35', 'admin:53', '2019-10-09 05:58:06', '0'),
('6', 'https://alazhar-asset.oss-ap-southeast-5.aliyuncs.com/event/vy431.jpg', 'https://youtu.be/6g0CFM24j5Y', 'VIDEO - Tausyiah Aa Gym dalam acara ISLAMIC INC', '<p><span style=\"color: #1c1e21; font-family: Helvetica, Arial, sans-serif;\">SMA Islam Al-Azhar 1 MEMPERSEMBAHKAN:</span></p>\n<p><strong><span style=\"color: #1c1e21; font-family: Helvetica, Arial, sans-serif;\">ISLAMIC INC</span></strong></p>\n<p style=\"margin: 6px 0px; font-family: Helvetica, Arial, sans-serif; color: #1c1e21;\">Islamic Inc merupakan sub event dari Alpus Incredibles 7: Retrofuture yang akan diisi dengan tausyiah dan doa bersama. Islamic Inc tahun ini akan menghadirkan Ustad AA GYM, yang tentu namanya tidak asing lagi di telinga khalayak umum.</p>\n<div class=\"text_exposed_show\" style=\"display: inline; font-family: Helvetica, Arial, sans-serif; color: #1c1e21;\">\n<p style=\"margin: 0px 0px 6px; font-family: inherit;\">Ustad AA Gym dikenal dengan penyampaian dakwahnya yang menggunakan bahasa sehari-hari, ringan nan menyenangkan. Topik yang ia bawakan berkonsentrasi pada keteguhan iman, pengendalian diri, hingga kehidupan berumahtangga.&nbsp;</p>\n<p style=\"margin: 6px 0px; font-family: inherit;\">Tanggal: 9 Oktober 2019<br />Tempat: Masjid Agung Al-Azhar<br />Waktu: 12.30 - selesai</p>\n</div>', '2019-10-01 04:00:05', '2019-10-31 04:00:05', '2019-10-01 04:00:05', '2019-10-31 04:00:05', '1', 'ACTIVE', 'admin:53', '2019-10-09 06:03:02', 'admin:53', '2019-10-11 00:06:25', '0');

INSERT INTO `event_kategori` (`id`, `nama`, `status`, `create_user`, `create_date`, `edit_user`, `edit_date`) VALUES ('1', 'Event Umum', 'ACTIVE', NULL, NULL, NULL, NULL),
('2', 'Kajian', 'ACTIVE', 'admin:1', '2019-07-08 20:18:31', NULL, NULL);

INSERT INTO `event_komentar` (`id`, `id_user`, `id_event`, `komentar`, `create_date`, `parent`, `status`) VALUES ('1', '1218', '3', 'buya hamka, subhanallah insyaAllah membawa berkah', '2019-07-30 08:21:48', '0', 'ACTIVE'),
('2', '18642', '4', 'bercerita kepa. da', '2019-08-06 07:07:18', '0', 'ACTIVE'),
('3', '18642', '4', 'v v video lyrics here g', '2019-08-06 07:07:43', '0', 'ACTIVE'),
('4', '18642', '4', 'll', '2019-08-06 07:08:36', '0', 'ACTIVE'),
('5', '10985', '3', 'MasyaAllah', '2019-08-08 23:50:50', '0', 'ACTIVE'),
('6', '10087', '3', 'subhanallah..menyimak semua kajian sang guru.semoga bisa mengimplementasikan dikehidupan saya dan keluarga.', '2019-09-20 03:12:28', '0', 'ACTIVE'),
('7', '926', '5', 'kapan pendaftaran untuk SMP Alsen?', '2019-10-12 22:38:39', '0', 'ACTIVE');

INSERT INTO `event_like` (`id_user`, `id_event`, `create_date`) VALUES ('1', '3', '2019-07-08 23:17:29'),
('1', '4', '2019-07-08 22:16:17'),
('1', '6', '2019-10-09 09:09:45'),
('2', '3', '2019-08-03 10:05:45'),
('2', '5', '2019-10-17 09:20:59'),
('26', '2', '2019-10-28 08:46:14'),
('353', '4', '2019-07-11 08:50:34'),
('420', '3', '2019-08-22 13:42:34'),
('1218', '3', '2019-07-30 08:20:59'),
('1230', '4', '2019-07-31 09:35:59'),
('1344', '4', '2019-08-14 08:07:58'),
('2465', '3', '2019-11-19 07:14:21'),
('3644', '3', '2019-08-07 04:31:48'),
('3734', '2', '2019-08-31 05:01:52'),
('4105', '3', '2019-08-04 01:40:17'),
('4165', '3', '2019-08-08 19:55:50'),
('4493', '2', '2019-11-23 21:29:33'),
('5048', '4', '2019-08-29 08:21:08'),
('5480', '2', '2019-11-14 11:56:36'),
('5890', '2', '2019-08-07 00:21:09'),
('5894', '3', '2019-09-04 07:19:13'),
('6212', '2', '2019-09-08 04:43:38'),
('6522', '3', '2019-08-24 11:30:40'),
('6683', '3', '2019-09-12 20:23:27'),
('8112', '4', '2019-08-31 22:08:08'),
('8588', '5', '2019-10-29 00:15:31'),
('9315', '2', '2019-08-08 01:20:22'),
('9315', '3', '2019-08-08 01:19:47'),
('10087', '3', '2019-09-20 03:12:43'),
('10201', '3', '2019-08-03 03:00:41'),
('10201', '4', '2019-08-03 02:59:08'),
('10658', '5', '2019-10-13 05:40:20'),
('10696', '3', '2019-08-10 10:21:01'),
('10985', '3', '2019-08-08 23:50:35'),
('11090', '3', '2019-08-08 05:20:32'),
('11798', '3', '2019-08-10 09:59:05'),
('12291', '3', '2019-08-22 19:53:45'),
('18032', '6', '2019-10-20 14:41:57'),
('18885', '3', '2019-08-07 23:15:45'),
('19585', '4', '2019-08-27 08:10:50'),
('20184', '4', '2019-09-03 09:43:40'),
('20867', '6', '2019-10-10 00:14:05'),
('21192', '5', '2019-10-09 12:48:22'),
('21192', '6', '2019-10-09 12:48:36'),
('21232', '5', '2019-10-10 07:36:44'),
('21568', '5', '2019-10-19 10:20:24'),
('21642', '5', '2019-10-22 08:39:12'),
('21819', '2', '2019-11-04 18:46:52'),
('21819', '3', '2019-11-04 18:46:37');




/*!40103 SET TIME_ZONE=@OLD_TIME_ZONE */;
/*!40101 SET SQL_MODE=@OLD_SQL_MODE */;
/*!40014 SET FOREIGN_KEY_CHECKS=@OLD_FOREIGN_KEY_CHECKS */;
/*!40014 SET UNIQUE_CHECKS=@OLD_UNIQUE_CHECKS */;
/*!40101 SET CHARACTER_SET_CLIENT=@OLD_CHARACTER_SET_CLIENT */;
/*!40101 SET CHARACTER_SET_RESULTS=@OLD_CHARACTER_SET_RESULTS */;
/*!40101 SET COLLATION_CONNECTION=@OLD_COLLATION_CONNECTION */;
/*!40111 SET SQL_NOTES=@OLD_SQL_NOTES */;